-- Limpiar inserts generados por oracle con vim
-- :%s/\n//g 
-- :%s/\;/\;\r/g 
-- :%s/TO_DATE('\([^']*\)', '[^']*')/parsedatetime('\1', 'MM\/dd\/yyy HH:mm:ss')/g


-- Datos para (al menos) es.uji.apps.hor.services.rest.SemestreDetalleResourceTest
-- HOR_TIPOS_ESTUDIOS
Insert into HOR_TIPOS_ESTUDIOS (ID, NOMBRE, ORDEN) Values  ('G', 'Graus', 1);
Insert into HOR_TIPOS_ESTUDIOS  (ID, NOMBRE, ORDEN) Values   ('12C', 'Primer i segon cicle', 2);
Insert into HOR_TIPOS_ESTUDIOS   (ID, NOMBRE, ORDEN) Values   ('M', 'Màsters', 3);


-- HOR_SEMESTRES
Insert into HOR_SEMESTRES   (ID, NOMBRE) Values   (1, 'Primer semestre');
Insert into HOR_SEMESTRES   (ID, NOMBRE) Values   (2, 'Segon semestre');

   
-- HOR_SEMESTRES_DETALLE    
Insert into HOR_SEMESTRES_DETALLE   (ID, SEMESTRE_ID, TIPO_ESTUDIO_ID, FECHA_INICIO, FECHA_FIN, FECHA_EXAMENES_INICIO, FECHA_EXAMENES_FIN, NUMERO_SEMANAS) Values  (1, 1, '12C', parsedatetime('09/20/2011 00:00:00', 'dd/MM/yyyy HH:mm:ss'), parsedatetime('12/23/2011 00:00:00', 'dd/MM/yyyy HH:mm:ss'),  NULL, NULL, 14);
Insert into HOR_SEMESTRES_DETALLE   (ID, SEMESTRE_ID, TIPO_ESTUDIO_ID, FECHA_INICIO, FECHA_FIN, FECHA_EXAMENES_INICIO, FECHA_EXAMENES_FIN, NUMERO_SEMANAS) Values   (2, 2, '12C', parsedatetime('01/25/2012 00:00:00', 'dd/MM/yyyy HH:mm:ss'), parsedatetime('05/18/2012 00:00:00', 'dd/MM/yyyy HH:mm:ss'), NULL, NULL, 17);
Insert into HOR_SEMESTRES_DETALLE   (ID, SEMESTRE_ID, TIPO_ESTUDIO_ID, FECHA_INICIO, FECHA_FIN, FECHA_EXAMENES_INICIO, FECHA_EXAMENES_FIN, NUMERO_SEMANAS) Values  (3, 1, 'G', parsedatetime('09/20/2011 00:00:00', 'dd/MM/yyyy HH:mm:ss'), parsedatetime('01/24/2012 00:00:00', 'dd/MM/yyyy HH:mm:ss'), NULL, NULL, 18);
Insert into HOR_SEMESTRES_DETALLE   (ID, SEMESTRE_ID, TIPO_ESTUDIO_ID, FECHA_INICIO, FECHA_FIN, FECHA_EXAMENES_INICIO, FECHA_EXAMENES_FIN, NUMERO_SEMANAS) Values   (4, 2, 'G', parsedatetime('01/25/2012 00:00:00', 'dd/MM/yyyy HH:mm:ss'), parsedatetime('06/08/2012 00:00:00', 'dd/MM/yyyy HH:mm:ss'), NULL, NULL, 20);


--
--SQL Statement which produced this data:
--  SELECT 
--     ROWID, H.ID, H.NOMBRE
--  FROM UJI_HORARIOS.HOR_CENTROS H
--
Insert into HOR_CENTROS   (ID, NOMBRE) Values   (0, 'Incorrecte');
Insert into HOR_CENTROS   (ID, NOMBRE) Values   (2, 'Facultat de Ciències Humanes i Socials');
Insert into HOR_CENTROS   (ID, NOMBRE) Values   (3, 'Facultat de Ciències Jurídiques i Econòmiques');
Insert into HOR_CENTROS   (ID, NOMBRE) Values   (4, 'Escola Superior de Tecnologia i Ciències Experimentals');
Insert into HOR_CENTROS   (ID, NOMBRE) Values   (2922, 'Facultat de Ciències de la Salut');


--
--SQL Statement which produced this data:
--  SELECT 
--     ROWID, H.ID, H.NOMBRE, H.TIPO_ID, 
--     H.CENTRO_ID, H.OFICIAL, H.NUMERO_CURSOS
--  FROM UJI_HORARIOS.HOR_ESTUDIOS H
--
Insert into HOR_ESTUDIOS   (ID, NOMBRE, TIPO_ID, CENTRO_ID, OFICIAL, NUMERO_CURSOS) Values   (1, 'Llicenciatura en Administració i Direcció d''Empreses', '12C', 3,    1, NULL);
Insert into HOR_ESTUDIOS   (ID, NOMBRE, TIPO_ID, CENTRO_ID, OFICIAL, NUMERO_CURSOS) Values   (2, 'Diplomatura en Ciències Empresarials', '12C', 3,    1, NULL);
Insert into HOR_ESTUDIOS   (ID, NOMBRE, TIPO_ID, CENTRO_ID, OFICIAL, NUMERO_CURSOS) Values   (4, 'Diplomatura en Turisme', '12C', 3,  1, NULL);
Insert into HOR_ESTUDIOS   (ID, NOMBRE, TIPO_ID, CENTRO_ID, OFICIAL, NUMERO_CURSOS) Values   (6, 'Diplomatura en Gestió i Administració Pública', '12C', 3,    1, NULL);
Insert into HOR_ESTUDIOS   (ID, NOMBRE, TIPO_ID, CENTRO_ID, OFICIAL, NUMERO_CURSOS) Values   (7, 'Llicenciatura en Humanitats', '12C', 2,    1, NULL);
Insert into HOR_ESTUDIOS   (ID, NOMBRE, TIPO_ID, CENTRO_ID, OFICIAL, NUMERO_CURSOS) Values   (9, 'Enginyeria Industrial', '12C', 4,    1, NULL);
Insert into HOR_ESTUDIOS   (ID, NOMBRE, TIPO_ID, CENTRO_ID, OFICIAL, NUMERO_CURSOS) Values   (10, 'Enginyeria Química', '12C', 4,    1, NULL);
Insert into HOR_ESTUDIOS   (ID, NOMBRE, TIPO_ID, CENTRO_ID, OFICIAL, NUMERO_CURSOS) Values   (11, 'Llicenciatura en Filologia Anglesa', '12C', 2,    1, NULL);
Insert into HOR_ESTUDIOS   (ID, NOMBRE, TIPO_ID, CENTRO_ID, OFICIAL, NUMERO_CURSOS) Values   (12, 'Llicenciatura en Traducció i Interpretació', '12C', 2,    1, NULL);
Insert into HOR_ESTUDIOS   (ID, NOMBRE, TIPO_ID, CENTRO_ID, OFICIAL, NUMERO_CURSOS) Values   (13, 'Mestre/a, especialitat d''Educació Infantil', '12C', 2,    1, NULL);
Insert into HOR_ESTUDIOS   (ID, NOMBRE, TIPO_ID, CENTRO_ID, OFICIAL, NUMERO_CURSOS) Values   (14, 'Mestre/a, especialitat d''Educació Física', '12C', 2,    1, NULL);
Insert into HOR_ESTUDIOS   (ID, NOMBRE, TIPO_ID, CENTRO_ID, OFICIAL, NUMERO_CURSOS) Values   (15, 'Mestre/a, especialitat d''Educació Primària', '12C', 2,    1, NULL);
Insert into HOR_ESTUDIOS   (ID, NOMBRE, TIPO_ID, CENTRO_ID, OFICIAL, NUMERO_CURSOS) Values   (16, 'Mestre/a, especialitat d''Educació Musical', '12C', 2,    1, NULL);
Insert into HOR_ESTUDIOS   (ID, NOMBRE, TIPO_ID, CENTRO_ID, OFICIAL, NUMERO_CURSOS) Values   (17, 'Llicenciatura en Psicologia', '12C', 2922,    1, NULL);
Insert into HOR_ESTUDIOS   (ID, NOMBRE, TIPO_ID, CENTRO_ID, OFICIAL, NUMERO_CURSOS) Values   (21, 'Enginyeria Tècnica en Disseny Industrial (Pla de 1995)', '12C', 4,    1, NULL);
Insert into HOR_ESTUDIOS   (ID, NOMBRE, TIPO_ID, CENTRO_ID, OFICIAL, NUMERO_CURSOS) Values   (23, 'Enginyeria Tècnica Agrícola, especialitat d''Hortofructicultura i Jardineria', '12C', 4,    1, NULL);
Insert into HOR_ESTUDIOS   (ID, NOMBRE, TIPO_ID, CENTRO_ID, OFICIAL, NUMERO_CURSOS) Values   (24, 'Enginyeria Tècnica Industrial, especialitat de Mecànica', '12C', 4,    1, NULL);
Insert into HOR_ESTUDIOS   (ID, NOMBRE, TIPO_ID, CENTRO_ID, OFICIAL, NUMERO_CURSOS) Values   (25, 'Llicenciatura en Publicitat i Relacions Públiques', '12C', 2,    1, NULL);
Insert into HOR_ESTUDIOS   (ID, NOMBRE, TIPO_ID, CENTRO_ID, OFICIAL, NUMERO_CURSOS) Values   (26, 'Enginyeria Informàtica (Pla de 2001)', '12C', 4,    1, NULL);
Insert into HOR_ESTUDIOS   (ID, NOMBRE, TIPO_ID, CENTRO_ID, OFICIAL, NUMERO_CURSOS) Values   (27, 'Enginyeria Tècnica en Informàtica de Gestió (Pla de 2001)', '12C', 4,    1, NULL);
Insert into HOR_ESTUDIOS   (ID, NOMBRE, TIPO_ID, CENTRO_ID, OFICIAL, NUMERO_CURSOS) Values   (28, 'Enginyeria Tècnica en Informàtica de Sistemes', '12C', 4,    1, NULL);
Insert into HOR_ESTUDIOS   (ID, NOMBRE, TIPO_ID, CENTRO_ID, OFICIAL, NUMERO_CURSOS) Values   (29, 'Llicenciatura en Ciències del Treball', '12C', 3,    1, NULL);
Insert into HOR_ESTUDIOS   (ID, NOMBRE, TIPO_ID, CENTRO_ID, OFICIAL, NUMERO_CURSOS) Values   (30, 'Llicenciatura en Psicopedagogia', '12C', 2,    1, NULL);
Insert into HOR_ESTUDIOS   (ID, NOMBRE, TIPO_ID, CENTRO_ID, OFICIAL, NUMERO_CURSOS) Values   (31, 'Llicenciatura en Dret (Pla de 2002)', '12C', 3,    1, NULL);
Insert into HOR_ESTUDIOS   (ID, NOMBRE, TIPO_ID, CENTRO_ID, OFICIAL, NUMERO_CURSOS) Values   (32, 'Diplomatura en Relacions Laborals (Pla de 2002)', '12C', 3,    1, NULL);
Insert into HOR_ESTUDIOS   (ID, NOMBRE, TIPO_ID, CENTRO_ID, OFICIAL, NUMERO_CURSOS) Values   (33, 'Llicenciatura en Química (Pla de 2002)', '12C', 4,    1, NULL);
Insert into HOR_ESTUDIOS   (ID, NOMBRE, TIPO_ID, CENTRO_ID, OFICIAL, NUMERO_CURSOS) Values   (34, 'Arquitectura Tècnica', '12C', 4,    1, NULL);
Insert into HOR_ESTUDIOS   (ID, NOMBRE, TIPO_ID, CENTRO_ID, OFICIAL, NUMERO_CURSOS) Values   (35, 'Llicenciatura en Comunicació Audiovisual', '12C', 2,    1, NULL);
Insert into HOR_ESTUDIOS   (ID, NOMBRE, TIPO_ID, CENTRO_ID, OFICIAL, NUMERO_CURSOS) Values   (73, 'Titulació per a la lliure configuració', '12C', 2,    1, NULL);
Insert into HOR_ESTUDIOS   (ID, NOMBRE, TIPO_ID, CENTRO_ID, OFICIAL, NUMERO_CURSOS) Values   (100, 'Estudiants intercanvi entrants', '12C', 3,    1, NULL);
Insert into HOR_ESTUDIOS   (ID, NOMBRE, TIPO_ID, CENTRO_ID, OFICIAL, NUMERO_CURSOS) Values   (101, 'Titulación para becarios de Inicio', '12C', 3,    1, NULL);
Insert into HOR_ESTUDIOS   (ID, NOMBRE, TIPO_ID, CENTRO_ID, OFICIAL, NUMERO_CURSOS) Values   (102, 'Enginyeria Industrial (EURUJI)', '12C', 4,    1, NULL);
Insert into HOR_ESTUDIOS   (ID, NOMBRE, TIPO_ID, CENTRO_ID, OFICIAL, NUMERO_CURSOS) Values   (103, 'Lliure Configuració E. U. d''Infermeria Sagrado Corazón - Universitat de València', '12C', 4,    1, NULL);
Insert into HOR_ESTUDIOS   (ID, NOMBRE, TIPO_ID, CENTRO_ID, OFICIAL, NUMERO_CURSOS) Values   (104, 'Requisits Previs a l''Homologació del Títol', '12C', 3,    1, NULL);
Insert into HOR_ESTUDIOS   (ID, NOMBRE, TIPO_ID, CENTRO_ID, OFICIAL, NUMERO_CURSOS) Values   (201, 'Grau en Relacions Laborals i Recursos Humans', 'G', 3,    1, 4);
Insert into HOR_ESTUDIOS   (ID, NOMBRE, TIPO_ID, CENTRO_ID, OFICIAL, NUMERO_CURSOS) Values   (202, 'Grau en Turisme', 'G', 3,    1, 4);
Insert into HOR_ESTUDIOS   (ID, NOMBRE, TIPO_ID, CENTRO_ID, OFICIAL, NUMERO_CURSOS) Values   (203, 'Grau en Comunicació Audiovisual', 'G', 2,    1, 4);
Insert into HOR_ESTUDIOS   (ID, NOMBRE, TIPO_ID, CENTRO_ID, OFICIAL, NUMERO_CURSOS) Values   (204, 'Grau en Periodisme', 'G', 2,    1, 4);
Insert into HOR_ESTUDIOS   (ID, NOMBRE, TIPO_ID, CENTRO_ID, OFICIAL, NUMERO_CURSOS) Values   (205, 'Grau en Estudis Anglesos', 'G', 2,    1, 4);
Insert into HOR_ESTUDIOS   (ID, NOMBRE, TIPO_ID, CENTRO_ID, OFICIAL, NUMERO_CURSOS) Values   (206, 'Grau en Publicitat i Relacions Públiques', 'G', 2,    1, 4);
Insert into HOR_ESTUDIOS   (ID, NOMBRE, TIPO_ID, CENTRO_ID, OFICIAL, NUMERO_CURSOS) Values   (207, 'Grau en Traducció i Interpretació', 'G', 2,    1, 4);
Insert into HOR_ESTUDIOS   (ID, NOMBRE, TIPO_ID, CENTRO_ID, OFICIAL, NUMERO_CURSOS) Values   (208, 'Grau en Química', 'G', 4,    1, 4);
Insert into HOR_ESTUDIOS   (ID, NOMBRE, TIPO_ID, CENTRO_ID, OFICIAL, NUMERO_CURSOS) Values   (209, 'Grau en Enginyeria d''Edificació', 'G', 4,    1, 4);
Insert into HOR_ESTUDIOS   (ID, NOMBRE, TIPO_ID, CENTRO_ID, OFICIAL, NUMERO_CURSOS) Values   (210, 'Grau en Administració d''Empreses', 'G', 3,    1, 4);
Insert into HOR_ESTUDIOS   (ID, NOMBRE, TIPO_ID, CENTRO_ID, OFICIAL, NUMERO_CURSOS) Values   (211, 'Grau en Economia', 'G', 3,    1, 4);
Insert into HOR_ESTUDIOS   (ID, NOMBRE, TIPO_ID, CENTRO_ID, OFICIAL, NUMERO_CURSOS) Values   (212, 'Grau en Finances i Comptabilitat', 'G', 3,    1, 4);
Insert into HOR_ESTUDIOS   (ID, NOMBRE, TIPO_ID, CENTRO_ID, OFICIAL, NUMERO_CURSOS) Values   (213, 'Grau en Dret', 'G', 3,    1, 4);
Insert into HOR_ESTUDIOS   (ID, NOMBRE, TIPO_ID, CENTRO_ID, OFICIAL, NUMERO_CURSOS) Values   (214, 'Grau en Criminologia i Seguretat', 'G', 3,    1, 4);
Insert into HOR_ESTUDIOS   (ID, NOMBRE, TIPO_ID, CENTRO_ID, OFICIAL, NUMERO_CURSOS) Values   (215, 'Grau en Història i Patrimoni', 'G', 2,    1, 4);
Insert into HOR_ESTUDIOS   (ID, NOMBRE, TIPO_ID, CENTRO_ID, OFICIAL, NUMERO_CURSOS) Values   (216, 'Grau en Humanitats: Estudis Interculturals', 'G', 2,    1, 4);
Insert into HOR_ESTUDIOS   (ID, NOMBRE, TIPO_ID, CENTRO_ID, OFICIAL, NUMERO_CURSOS) Values   (217, 'Grau en Mestre o Mestra d''Educació Infantil', 'G', 2,    1, 4);
Insert into HOR_ESTUDIOS   (ID, NOMBRE, TIPO_ID, CENTRO_ID, OFICIAL, NUMERO_CURSOS) Values   (218, 'Grau en Mestre o Mestra d''Educació Primària', 'G', 2,    1, 4);
Insert into HOR_ESTUDIOS   (ID, NOMBRE, TIPO_ID, CENTRO_ID, OFICIAL, NUMERO_CURSOS) Values   (219, 'Grau en Psicologia', 'G', 2922,    1, 4);
Insert into HOR_ESTUDIOS   (ID, NOMBRE, TIPO_ID, CENTRO_ID, OFICIAL, NUMERO_CURSOS) Values   (220, 'Grau en Enginyeria Química', 'G', 4,    1, 4);
Insert into HOR_ESTUDIOS   (ID, NOMBRE, TIPO_ID, CENTRO_ID, OFICIAL, NUMERO_CURSOS) Values   (221, 'Grau en Enginyeria en Tecnologies Industrials', 'G', 4,    1, 4);
Insert into HOR_ESTUDIOS   (ID, NOMBRE, TIPO_ID, CENTRO_ID, OFICIAL, NUMERO_CURSOS) Values   (222, 'Grau en Enginyeria Mecànica', 'G', 4,    1, 4);
Insert into HOR_ESTUDIOS   (ID, NOMBRE, TIPO_ID, CENTRO_ID, OFICIAL, NUMERO_CURSOS) Values   (223, 'Grau en Matemàtica Computacional', 'G', 4,    1, 4);
Insert into HOR_ESTUDIOS   (ID, NOMBRE, TIPO_ID, CENTRO_ID, OFICIAL, NUMERO_CURSOS) Values   (224, 'Grau en Enginyeria en Disseny Industrial i Desenvolupament de Productes', 'G', 4,    1, 4);
Insert into HOR_ESTUDIOS   (ID, NOMBRE, TIPO_ID, CENTRO_ID, OFICIAL, NUMERO_CURSOS) Values   (225, 'Grau en Enginyeria Informàtica', 'G', 4,    1, 4);
Insert into HOR_ESTUDIOS   (ID, NOMBRE, TIPO_ID, CENTRO_ID, OFICIAL, NUMERO_CURSOS) Values   (227, 'Grau en Enginyeria Agroalimentària i del Medi Rural', 'G', 4,    1, 4);
Insert into HOR_ESTUDIOS   (ID, NOMBRE, TIPO_ID, CENTRO_ID, OFICIAL, NUMERO_CURSOS) Values   (228, 'Grau en Enginyeria Elèctrica', 'G', 4,    1, 4);
Insert into HOR_ESTUDIOS   (ID, NOMBRE, TIPO_ID, CENTRO_ID, OFICIAL, NUMERO_CURSOS) Values   (229, 'Grau en Medicina', 'G', 2922,    1, 6);
Insert into HOR_ESTUDIOS   (ID, NOMBRE, TIPO_ID, CENTRO_ID, OFICIAL, NUMERO_CURSOS) Values   (230, 'Grau en Infermeria', 'G', 2922,    1, 4);
Insert into HOR_ESTUDIOS   (ID, NOMBRE, TIPO_ID, CENTRO_ID, OFICIAL, NUMERO_CURSOS) Values   (231, 'Grau en Disseny i Desenvolupament de Videojocs (pendent d''autorització d''implantació)', 'G', 4,    1, 4);
Insert into HOR_ESTUDIOS   (ID, NOMBRE, TIPO_ID, CENTRO_ID, OFICIAL, NUMERO_CURSOS) Values   (232, 'Grau en Gestió i Administració Pública (pendent d''autorització d''implantació)', 'G', 3,    1, 4);
Insert into HOR_ESTUDIOS   (ID, NOMBRE, TIPO_ID, CENTRO_ID, OFICIAL, NUMERO_CURSOS) Values   (51002, 'Graduat en Seguretat i Ciències Policials', '12C', 3,    0, NULL);
Insert into HOR_ESTUDIOS   (ID, NOMBRE, TIPO_ID, CENTRO_ID, OFICIAL, NUMERO_CURSOS) Values   (51003, 'Graduat en Matemàtica Computacional', '12C', 4,    0, NULL);


--
--SQL Statement which produced this data:
--  SELECT 
--     ROWID, H.ID, H.NOMBRE, H.CENTRO_ID, 
--     H.TIPO, H.PLAZAS, H.CODIGO, 
--     H.AREA, H.EDIFICIO, H.PLANTA
--  FROM UJI_HORARIOS.HOR_AULAS H
--  Where
--  CENTRO_ID = 3
--
Insert into HOR_AULAS   (ID, NOMBRE, CENTRO_ID, TIPO, PLAZAS, CODIGO, AREA, EDIFICIO, PLANTA) Values   (5708, 'Aula d''informàtica  JAA007AI', 3, 'AI',     NULL, 'JAA007AI', 'J', 'AA', '0');
Insert into HOR_AULAS   (ID, NOMBRE, CENTRO_ID, TIPO, PLAZAS, CODIGO, AREA, EDIFICIO, PLANTA) Values   (5707, 'Aula d''informàtica  JAA006AI', 3, 'AI',     NULL, 'JAA006AI', 'J', 'AA', '0');
Insert into HOR_AULAS   (ID, NOMBRE, CENTRO_ID, TIPO, PLAZAS, CODIGO, AREA, EDIFICIO, PLANTA) Values   (5711, 'Aula d''informàtica  JAA010AI', 3, 'AI',     NULL, 'JAA010AI', 'J', 'AA', '0');
Insert into HOR_AULAS   (ID, NOMBRE, CENTRO_ID, TIPO, PLAZAS, CODIGO, AREA, EDIFICIO, PLANTA) Values   (1899, 'Aula JB1007AA', 3, 'AA',     95, 'JB1007AA', 'J', 'B1', '0');
Insert into HOR_AULAS   (ID, NOMBRE, CENTRO_ID, TIPO, PLAZAS, CODIGO, AREA, EDIFICIO, PLANTA) Values   (4943, 'Aula JB2202AA', 3, 'AA',     57, 'JB2202AA', 'J', 'B2', '2');
Insert into HOR_AULAS   (ID, NOMBRE, CENTRO_ID, TIPO, PLAZAS, CODIGO, AREA, EDIFICIO, PLANTA) Values   (5709, 'Aula d''informàtica  JAA008AI', 3, 'AI',     NULL, 'JAA008AI', 'J', 'AA', '0');
Insert into HOR_AULAS   (ID, NOMBRE, CENTRO_ID, TIPO, PLAZAS, CODIGO, AREA, EDIFICIO, PLANTA) Values   (5686, 'Aula JB1107AA', 3, 'AA',     156, 'JB1107AA', 'J', 'B1', '1');
Insert into HOR_AULAS   (ID, NOMBRE, CENTRO_ID, TIPO, PLAZAS, CODIGO, AREA, EDIFICIO, PLANTA) Values   (4902, 'Aula JB2101AA', 3, 'AA',     156, 'JB2101AA', 'J', 'B2', '1');
Insert into HOR_AULAS   (ID, NOMBRE, CENTRO_ID, TIPO, PLAZAS, CODIGO, AREA, EDIFICIO, PLANTA) Values   (4910, 'Aula JB1206AA', 3, 'AA',     48, 'JB1206AA', 'J', 'B1', '2');
Insert into HOR_AULAS   (ID, NOMBRE, CENTRO_ID, TIPO, PLAZAS, CODIGO, AREA, EDIFICIO, PLANTA) Values   (4906, 'Aula JB1202AA', 3, 'AA',     57, 'JB1202AA', 'J', 'B1', '2');
Insert into HOR_AULAS   (ID, NOMBRE, CENTRO_ID, TIPO, PLAZAS, CODIGO, AREA, EDIFICIO, PLANTA) Values   (1903, 'Aula JB2002AA', 3, 'AA',     156, 'JB2002AA', 'J', 'B2', '0');
Insert into HOR_AULAS   (ID, NOMBRE, CENTRO_ID, TIPO, PLAZAS, CODIGO, AREA, EDIFICIO, PLANTA) Values   (5685, 'Aula JB1106AA', 3, 'AA',     60, 'JB1106AA', 'J', 'B1', '1');
Insert into HOR_AULAS   (ID, NOMBRE, CENTRO_ID, TIPO, PLAZAS, CODIGO, AREA, EDIFICIO, PLANTA) Values   (1905, 'Aula JB2004AA', 3, 'AA',     95, 'JB2004AA', 'J', 'B2', '0');
Insert into HOR_AULAS   (ID, NOMBRE, CENTRO_ID, TIPO, PLAZAS, CODIGO, AREA, EDIFICIO, PLANTA) Values   (1895, 'Aula JB1004AA', 3, 'AA',     95, 'JB1004AA', 'J', 'B1', '0');
Insert into HOR_AULAS   (ID, NOMBRE, CENTRO_ID, TIPO, PLAZAS, CODIGO, AREA, EDIFICIO, PLANTA) Values   (1908, 'Aula JB2006AA', 3, 'AA',     156, 'JB2006AA', 'J', 'B2', '0');
Insert into HOR_AULAS   (ID, NOMBRE, CENTRO_ID, TIPO, PLAZAS, CODIGO, AREA, EDIFICIO, PLANTA) Values   (5730, 'Aula d''informàtica JAA112AI', 3, 'AI',     NULL, 'JAA112AI', 'J', 'AA', '1');
Insert into HOR_AULAS   (ID, NOMBRE, CENTRO_ID, TIPO, PLAZAS, CODIGO, AREA, EDIFICIO, PLANTA) Values   (5682, 'Aula JB1102AA', 3, 'AA',     156, 'JB1102AA', 'J', 'B1', '1');
Insert into HOR_AULAS   (ID, NOMBRE, CENTRO_ID, TIPO, PLAZAS, CODIGO, AREA, EDIFICIO, PLANTA) Values   (1909, 'Aula JB2007AA', 3, 'AA',     95, 'JB2007AA', 'J', 'B2', '0');
Insert into HOR_AULAS   (ID, NOMBRE, CENTRO_ID, TIPO, PLAZAS, CODIGO, AREA, EDIFICIO, PLANTA) Values   (1900, 'Aula JB1008AA', 3, 'AA',     95, 'JB1008AA', 'J', 'B1', '0');
Insert into HOR_AULAS   (ID, NOMBRE, CENTRO_ID, TIPO, PLAZAS, CODIGO, AREA, EDIFICIO, PLANTA) Values   (4947, 'Aula JB2205AA', 3, 'AA',     57, 'JB2205AA', 'J', 'B2', '2');
Insert into HOR_AULAS   (ID, NOMBRE, CENTRO_ID, TIPO, PLAZAS, CODIGO, AREA, EDIFICIO, PLANTA) Values   (4908, 'Aula JB1204AA', 3, 'AA',     156, 'JB1204AA', 'J', 'B1', '2');
Insert into HOR_AULAS   (ID, NOMBRE, CENTRO_ID, TIPO, PLAZAS, CODIGO, AREA, EDIFICIO, PLANTA) Values   (4948, 'Aula JB2206AA', 3, 'AA',     57, 'JB2206AA', 'J', 'B2', '2');
Insert into HOR_AULAS   (ID, NOMBRE, CENTRO_ID, TIPO, PLAZAS, CODIGO, AREA, EDIFICIO, PLANTA) Values   (1897, 'Aula JB1006AA', 3, 'AA',     156, 'JB1006AA', 'J', 'B1', '0');
Insert into HOR_AULAS   (ID, NOMBRE, CENTRO_ID, TIPO, PLAZAS, CODIGO, AREA, EDIFICIO, PLANTA) Values   (1904, 'Aula JB2003AA', 3, 'AA',     95, 'JB2003AA', 'J', 'B2', '0');
Insert into HOR_AULAS   (ID, NOMBRE, CENTRO_ID, TIPO, PLAZAS, CODIGO, AREA, EDIFICIO, PLANTA) Values   (5688, 'Aula JB1110AA', 3, 'AA',     144, 'JB1110AA', 'J', 'B1', '1');
Insert into HOR_AULAS   (ID, NOMBRE, CENTRO_ID, TIPO, PLAZAS, CODIGO, AREA, EDIFICIO, PLANTA) Values   (5713, 'Aula d''Informàtica JAA012AI', 3, 'AI',     NULL, 'JAA012AI', 'J', 'AA', '0');
Insert into HOR_AULAS   (ID, NOMBRE, CENTRO_ID, TIPO, PLAZAS, CODIGO, AREA, EDIFICIO, PLANTA) Values   (4907, 'Aula JB1203AA', 3, 'AA',     57, 'JB1203AA', 'J', 'B1', '2');
Insert into HOR_AULAS   (ID, NOMBRE, CENTRO_ID, TIPO, PLAZAS, CODIGO, AREA, EDIFICIO, PLANTA) Values   (1126, 'Aula JB2102AA', 3, 'AA',     116, 'JB2102AA', 'J', 'B2', '1');
Insert into HOR_AULAS   (ID, NOMBRE, CENTRO_ID, TIPO, PLAZAS, CODIGO, AREA, EDIFICIO, PLANTA) Values   (4944, 'Aula JB2201AA', 3, 'AA',     151, 'JB2201AA', 'J', 'B2', '2');
Insert into HOR_AULAS   (ID, NOMBRE, CENTRO_ID, TIPO, PLAZAS, CODIGO, AREA, EDIFICIO, PLANTA) Values   (1910, 'Aula JB2008AA', 3, 'AA',     95, 'JB2008AA', 'J', 'B2', '0');
Insert into HOR_AULAS   (ID, NOMBRE, CENTRO_ID, TIPO, PLAZAS, CODIGO, AREA, EDIFICIO, PLANTA) Values   (1893, 'Aula JB1002AA', 3, 'AA',     156, 'JB1002AA', 'J', 'B1', '0');
Insert into HOR_AULAS   (ID, NOMBRE, CENTRO_ID, TIPO, PLAZAS, CODIGO, AREA, EDIFICIO, PLANTA) Values   (4909, 'Laboratori d''Estudis, Ordenació i Planificació d''Espais Turístics', 3, 'AL',     68, 'JB1205AL', 'J', 'B1', '2');
Insert into HOR_AULAS   (ID, NOMBRE, CENTRO_ID, TIPO, PLAZAS, CODIGO, AREA, EDIFICIO, PLANTA) Values   (4946, 'Aula JB2204AA', 3, 'AA',     156, 'JB2204AA', 'J', 'B2', '2');
Insert into HOR_AULAS   (ID, NOMBRE, CENTRO_ID, TIPO, PLAZAS, CODIGO, AREA, EDIFICIO, PLANTA) Values   (5712, 'Aula d''informàtica JAA011AI', 3, 'AI',     NULL, 'JAA011AI', 'J', 'AA', '0');
Insert into HOR_AULAS   (ID, NOMBRE, CENTRO_ID, TIPO, PLAZAS, CODIGO, AREA, EDIFICIO, PLANTA) Values   (5722, 'Aula d''informàticaJAA104AI', 3, 'AI',     NULL, 'JAA104AI', 'J', 'AA', '1');
Insert into HOR_AULAS   (ID, NOMBRE, CENTRO_ID, TIPO, PLAZAS, CODIGO, AREA, EDIFICIO, PLANTA) Values   (1894, 'Aula JB1003AA', 3, 'AA',     95, 'JB1003AA', 'J', 'B1', '0');
Insert into HOR_AULAS   (ID, NOMBRE, CENTRO_ID, TIPO, PLAZAS, CODIGO, AREA, EDIFICIO, PLANTA) Values   (6944, 'Aula JB2105AA', 3, 'AA',     57, 'JB2105AA', 'J', 'B2', '1');
Insert into HOR_AULAS   (ID, NOMBRE, CENTRO_ID, TIPO, PLAZAS, CODIGO, AREA, EDIFICIO, PLANTA) Values   (4913, 'Aula JB2106AA', 3, 'AA',     57, 'JB2106AA', 'J', 'B2', '1');
Insert into HOR_AULAS   (ID, NOMBRE, CENTRO_ID, TIPO, PLAZAS, CODIGO, AREA, EDIFICIO, PLANTA) Values   (4915, 'Aula JB2104AA', 3, 'AA',     156, 'JB2104AA', 'J', 'B2', '1');
Insert into HOR_AULAS   (ID, NOMBRE, CENTRO_ID, TIPO, PLAZAS, CODIGO, AREA, EDIFICIO, PLANTA) Values   (4945, 'Aula JB2203AA', 3, 'AA',     57, 'JB2203AA', 'J', 'B2', '2');
Insert into HOR_AULAS   (ID, NOMBRE, CENTRO_ID, TIPO, PLAZAS, CODIGO, AREA, EDIFICIO, PLANTA) Values   (4905, 'Aula JB1201AA', 3, 'AA',     156, 'JB1201AA', 'J', 'B1', '2');



Insert into HOR_DEPARTAMENTOS   (ID, NOMBRE, CENTRO_ID, ACTIVO) Values   (1443, 'Dep. de Llenguatges i Sistemes Informàtics', 4, 1);
Insert into HOR_DEPARTAMENTOS   (ID, NOMBRE, CENTRO_ID, ACTIVO) Values   (1882, 'Dep. d''Estudis Anglesos', 2, 1);
Insert into HOR_DEPARTAMENTOS   (ID, NOMBRE, CENTRO_ID, ACTIVO) Values   (1883, 'Dep. de Filologia i Cultures Europees', 2, 1);
Insert into HOR_DEPARTAMENTOS   (ID, NOMBRE, CENTRO_ID, ACTIVO) Values   (2102, 'Dep. d''Enginyeria de Sistemes Industrials i Disseny', 4, 1);
Insert into HOR_DEPARTAMENTOS   (ID, NOMBRE, CENTRO_ID, ACTIVO) Values   (2103, 'Dep. d''Enginyeria Mecànica i Construcció', 4, 1);
Insert into HOR_DEPARTAMENTOS   (ID, NOMBRE, CENTRO_ID, ACTIVO) Values   (2282, 'Dep. de Ciències Agràries i del Medi Natural', 4, 1);
Insert into HOR_DEPARTAMENTOS   (ID, NOMBRE, CENTRO_ID, ACTIVO) Values   (2283, 'Dep. de Física', 4, 1);
Insert into HOR_DEPARTAMENTOS   (ID, NOMBRE, CENTRO_ID, ACTIVO) Values   (2284, 'Dep. de Química Física i Analítica', 4, 1);
Insert into HOR_DEPARTAMENTOS   (ID, NOMBRE, CENTRO_ID, ACTIVO) Values   (2502, 'Dep. de Ciències de la Comunicació', 4, 1);
Insert into HOR_DEPARTAMENTOS   (ID, NOMBRE, CENTRO_ID, ACTIVO) Values   (2503, 'Dep. de Filosofia i Sociologia', 2, 1);
Insert into HOR_DEPARTAMENTOS   (ID, NOMBRE, CENTRO_ID, ACTIVO) Values   (81, 'Dep. d''Enginyeria Química', 4, 1);
Insert into HOR_DEPARTAMENTOS   (ID, NOMBRE, CENTRO_ID, ACTIVO) Values   (92, 'Dep. de Matemàtiques', 4, 1);
Insert into HOR_DEPARTAMENTOS   (ID, NOMBRE, CENTRO_ID, ACTIVO) Values   (98, 'Dep. de Química Inorgànica i Orgànica', 4, 1);
Insert into HOR_DEPARTAMENTOS   (ID, NOMBRE, CENTRO_ID, ACTIVO) Values   (96, 'Dep. de Psicologia Evolutiva, Educativa, Social i Metodologia', 2, 1);
Insert into HOR_DEPARTAMENTOS   (ID, NOMBRE, CENTRO_ID, ACTIVO) Values   (97, 'Dep. de Psicologia Bàsica, Clínica i Psicobiologia', 2, 1);
Insert into HOR_DEPARTAMENTOS   (ID, NOMBRE, CENTRO_ID, ACTIVO) Values   (84, 'Dep. d''Educació', 2, 1);
Insert into HOR_DEPARTAMENTOS   (ID, NOMBRE, CENTRO_ID, ACTIVO) Values   (104, 'Dep. d''Història, Geografia i Art', 2, 1);
Insert into HOR_DEPARTAMENTOS   (ID, NOMBRE, CENTRO_ID, ACTIVO) Values   (99, 'Dep. de Traducció i Comunicació', 2, 1);
Insert into HOR_DEPARTAMENTOS   (ID, NOMBRE, CENTRO_ID, ACTIVO) Values   (95, 'Dep. de Dret del Treball/SS/Eclesiàstic i de l''Estat', 3, 1);
Insert into HOR_DEPARTAMENTOS   (ID, NOMBRE, CENTRO_ID, ACTIVO) Values   (89, 'Dep. de Dret Privat', 3, 1);
Insert into HOR_DEPARTAMENTOS   (ID, NOMBRE, CENTRO_ID, ACTIVO) Values   (90, 'Dep. de Dret Públic', 3, 1);
Insert into HOR_DEPARTAMENTOS   (ID, NOMBRE, CENTRO_ID, ACTIVO) Values   (101, 'Dep. d''Administració d''Empreses i Màrqueting', 3, 1);
Insert into HOR_DEPARTAMENTOS   (ID, NOMBRE, CENTRO_ID, ACTIVO) Values   (102, 'Dep. de Finances i Comptabilitat', 3, 1);
Insert into HOR_DEPARTAMENTOS   (ID, NOMBRE, CENTRO_ID, ACTIVO) Values   (93, 'Dep. d''Economia', 3, 1);
Insert into HOR_DEPARTAMENTOS   (ID, NOMBRE, CENTRO_ID, ACTIVO) Values   (105, 'Activitats Extraacadèmiques', 0, 1);
Insert into HOR_DEPARTAMENTOS   (ID, NOMBRE, CENTRO_ID, ACTIVO) Values   (2942, 'Unitat predepartamental d''Infermeria', 0, 1);
Insert into HOR_DEPARTAMENTOS   (ID, NOMBRE, CENTRO_ID, ACTIVO) Values   (2943, 'Unitat predepartamental de Medicina', 0, 1);


--
--SQL Statement which produced this data:
--  SELECT 
--     ROWID, H.ID, H.NOMBRE
--  FROM UJI_HORARIOS.HOR_DIAS_SEMANA H
--
Insert into HOR_DIAS_SEMANA   (ID, NOMBRE) Values   (1, 'Dilluns');
Insert into HOR_DIAS_SEMANA   (ID, NOMBRE) Values   (2, 'Dimarts');
Insert into HOR_DIAS_SEMANA   (ID, NOMBRE) Values   (3, 'Dimecres');
Insert into HOR_DIAS_SEMANA   (ID, NOMBRE) Values   (4, 'Dijous');
Insert into HOR_DIAS_SEMANA   (ID, NOMBRE) Values   (5, 'Divendres');




--
--SQL Statement which produced this data:
--  SELECT 
--     ROWID, H.ID, H.NOMBRE, H.AULA_ID, 
--     H.ESTUDIO_ID, H.CURSO_ID, H.SEMESTRE_ID
--  FROM UJI_HORARIOS.HOR_AULAS_PLANIFICACION H
--  Where
--  ESTUDIO_ID = 210
-- AND SEMESTRE_ID = 1
--
Insert into HOR_AULAS_PLANIFICACION   (ID, NOMBRE, AULA_ID, ESTUDIO_ID, CURSO_ID, SEMESTRE_ID) Values   (831042, 'Aula JB2202AA', 4943, 210,    0, 1);
Insert into HOR_AULAS_PLANIFICACION   (ID, NOMBRE, AULA_ID, ESTUDIO_ID, CURSO_ID, SEMESTRE_ID) Values   (4906, 'Aula JB1202AA', 4906, 210,    NULL, 1);
Insert into HOR_AULAS_PLANIFICACION   (ID, NOMBRE, AULA_ID, ESTUDIO_ID, CURSO_ID, SEMESTRE_ID) Values   (840591, 'Aula JB2003AA', 1904, 210,    NULL, 1);
Insert into HOR_AULAS_PLANIFICACION   (ID, NOMBRE, AULA_ID, ESTUDIO_ID, CURSO_ID, SEMESTRE_ID) Values   (840951, 'Aula JB1002AA', 1893, 210,    NULL, 2);
Insert into HOR_AULAS_PLANIFICACION   (ID, NOMBRE, AULA_ID, ESTUDIO_ID, CURSO_ID, SEMESTRE_ID) Values   (840952, 'Aula JB1004AA', 1895, 210,    NULL, 2);

----SQL Statement which produced this data:
--  select * from hor_items where estudio_id = 210 and curso_id = 1 and grupo_id = 'A'--

Insert into HOR_ITEMS   (ID, ASIGNATURA_ID, ASIGNATURA, ESTUDIO_ID, ESTUDIO, CURSO_ID, CARACTER_ID, CARACTER, SEMESTRE_ID, COMUN, PORCENTAJE_COMUN, GRUPO_ID, TIPO_SUBGRUPO_ID, TIPO_SUBGRUPO, SUBGRUPO_ID, TIPO_ASIGNATURA_ID, TIPO_ASIGNATURA, TIPO_ESTUDIO_ID, TIPO_ESTUDIO, PLAZAS, DETALLE_MANUAL, COMUN_TEXTO) Values   (993, 'AE1008', 'Història Econòmica (Economia)', 210, 'Grau en Administració d''Empreses', 1, 'TR', 'Troncal', 2, 1, 37.5, 'A', 'TU', 'Tutories', 4, 'S', 'Semestral', 'G', 'Grau', 24, 0, 'AE1008 - ');
Insert into HOR_ITEMS   (ID, ASIGNATURA_ID, ASIGNATURA, ESTUDIO_ID, ESTUDIO, CURSO_ID, CARACTER_ID, CARACTER, SEMESTRE_ID, COMUN, PORCENTAJE_COMUN, GRUPO_ID, TIPO_SUBGRUPO_ID, TIPO_SUBGRUPO, SUBGRUPO_ID, TIPO_ASIGNATURA_ID, TIPO_ASIGNATURA, TIPO_ESTUDIO_ID, TIPO_ESTUDIO, PLAZAS, DETALLE_MANUAL, COMUN_TEXTO) Values   (994, 'AE1008', 'Història Econòmica (Economia)', 210, 'Grau en Administració d''Empreses', 1, 'TR', 'Troncal', 2, 1, 37.5, 'A', 'TU', 'Tutories', 3, 'S', 'Semestral', 'G', 'Grau', 24, 0, 'AE1008 - ');
Insert into HOR_ITEMS   (ID, ASIGNATURA_ID, ASIGNATURA, ESTUDIO_ID, ESTUDIO, CURSO_ID, CARACTER_ID, CARACTER, SEMESTRE_ID, COMUN, PORCENTAJE_COMUN, GRUPO_ID, TIPO_SUBGRUPO_ID, TIPO_SUBGRUPO, SUBGRUPO_ID, TIPO_ASIGNATURA_ID, TIPO_ASIGNATURA, TIPO_ESTUDIO_ID, TIPO_ESTUDIO, PLAZAS, DETALLE_MANUAL, COMUN_TEXTO) Values   (995, 'AE1008', 'Història Econòmica (Economia)', 210, 'Grau en Administració d''Empreses', 1, 'TR', 'Troncal', 2, 1, 37.5, 'A', 'TU', 'Tutories', 2, 'S', 'Semestral', 'G', 'Grau', 24, 0, 'AE1008 - ');
Insert into HOR_ITEMS   (ID, ASIGNATURA_ID, ASIGNATURA, ESTUDIO_ID, ESTUDIO, CURSO_ID, CARACTER_ID, CARACTER, SEMESTRE_ID, COMUN, PORCENTAJE_COMUN, GRUPO_ID, TIPO_SUBGRUPO_ID, TIPO_SUBGRUPO, SUBGRUPO_ID, DIA_SEMANA_ID, HORA_INICIO, HORA_FIN, TIPO_ASIGNATURA_ID, TIPO_ASIGNATURA, TIPO_ESTUDIO_ID, TIPO_ESTUDIO, PLAZAS, REPETIR_CADA_SEMANAS, NUMERO_ITERACIONES, DETALLE_MANUAL, COMUN_TEXTO) Values   (996, 'AE1008', 'Història Econòmica (Economia)', 210, 'Grau en Administració d''Empreses', 1, 'TR', 'Troncal', 2, 1, 37, 'A', 'TU', 'Tutories', 1, 2, parsedatetime('11/27/2012 13:30:00', 'MM/dd/yyy HH:mm:ss'), parsedatetime('11/27/2012 14:30:00', 'MM/dd/yyy HH:mm:ss'), 'S', 'Semestral', 'G', 'Grau', 24, 2, 6, 1, 'AE1008 - ');
Insert into HOR_ITEMS   (ID, ASIGNATURA_ID, ASIGNATURA, ESTUDIO_ID, ESTUDIO, CURSO_ID, CARACTER_ID, CARACTER, SEMESTRE_ID, COMUN, PORCENTAJE_COMUN, GRUPO_ID, TIPO_SUBGRUPO_ID, TIPO_SUBGRUPO, SUBGRUPO_ID, DIA_SEMANA_ID, HORA_INICIO, HORA_FIN, TIPO_ASIGNATURA_ID, TIPO_ASIGNATURA, TIPO_ESTUDIO_ID, TIPO_ESTUDIO, PLAZAS, DETALLE_MANUAL, COMUN_TEXTO) Values   (997, 'AE1008', 'Història Econòmica (Economia)', 210, 'Grau en Administració d''Empreses', 1, 'TR', 'Troncal', 2, 1, 37.5, 'A', 'TU', 'Tutories', 1, 2, parsedatetime('01/01/0001 12:30:00', 'MM/dd/yyy HH:mm:ss'), parsedatetime('01/01/0001 13:30:00', 'MM/dd/yyy HH:mm:ss'), 'S', 'Semestral', 'G', 'Grau', 24, 0, 'AE1008 - ');
Insert into HOR_ITEMS   (ID, ASIGNATURA_ID, ASIGNATURA, ESTUDIO_ID, ESTUDIO, CURSO_ID, CARACTER_ID, SEMESTRE_ID, AULA_PLANIFICACION_ID, COMUN, PORCENTAJE_COMUN, GRUPO_ID, TIPO_SUBGRUPO_ID, TIPO_SUBGRUPO, SUBGRUPO_ID, DIA_SEMANA_ID, HORA_INICIO, HORA_FIN, TIPO_ASIGNATURA_ID, TIPO_ASIGNATURA, TIPO_ESTUDIO_ID, TIPO_ESTUDIO, PLAZAS, DETALLE_MANUAL, COMUN_TEXTO) Values   (815277, 'AE1003', 'Matemàtica de les Operacions Financeres (Empresa)', 210, 'Grau en Administració d''Empreses', 1, 'TR', 1, 4906, 1, 37, 'A', 'LA', 'Laboratori', 3, 1, parsedatetime('12/10/2012 18:30:00', 'MM/dd/yyy HH:mm:ss'), parsedatetime('12/10/2012 20:00:00', 'MM/dd/yyy HH:mm:ss'), 'S', 'Semestral', 'Grau', 'Grau', 24, 0, 'AE1003 - ');
Insert into HOR_ITEMS   (ID, ASIGNATURA_ID, ASIGNATURA, ESTUDIO_ID, ESTUDIO, CURSO_ID, CARACTER_ID, CARACTER, SEMESTRE_ID, COMUN, PORCENTAJE_COMUN, GRUPO_ID, TIPO_SUBGRUPO_ID, TIPO_SUBGRUPO, SUBGRUPO_ID, DIA_SEMANA_ID, HORA_INICIO, HORA_FIN, TIPO_ASIGNATURA_ID, TIPO_ASIGNATURA, TIPO_ESTUDIO_ID, TIPO_ESTUDIO, PLAZAS, DETALLE_MANUAL, COMUN_TEXTO) Values   (1142, 'AE1003', 'Matemàtica de les Operacions Financeres (Empresa)', 210, 'Grau en Administració d''Empreses', 1, 'TR', 'Troncal', 1, 1, 37, 'A', 'TU', 'Tutories', 4, 4, parsedatetime('12/13/2012 10:00:00', 'MM/dd/yyy HH:mm:ss'), parsedatetime('12/13/2012 12:00:00', 'MM/dd/yyy HH:mm:ss'), 'S', 'Semestral', 'G', 'Grau', 24, 1, 'AE1003 - ');
Insert into HOR_ITEMS   (ID, ASIGNATURA_ID, ASIGNATURA, ESTUDIO_ID, ESTUDIO, CURSO_ID, CARACTER_ID, CARACTER, SEMESTRE_ID, COMUN, PORCENTAJE_COMUN, GRUPO_ID, TIPO_SUBGRUPO_ID, TIPO_SUBGRUPO, SUBGRUPO_ID, HORA_INICIO, HORA_FIN, TIPO_ASIGNATURA_ID, TIPO_ASIGNATURA, TIPO_ESTUDIO_ID, TIPO_ESTUDIO, PLAZAS, DETALLE_MANUAL, COMUN_TEXTO) Values   (1143, 'AE1003', 'Matemàtica de les Operacions Financeres (Empresa)', 210, 'Grau en Administració d''Empreses', 1, 'TR', 'Troncal', 1, 1, 37.5, 'A', 'TU', 'Tutories', 3, parsedatetime('07/26/2012 08:00:00', 'MM/dd/yyy HH:mm:ss'), parsedatetime('07/26/2012 10:00:00', 'MM/dd/yyy HH:mm:ss'), 'S', 'Semestral', 'G', 'Grau', 24, 0, 'AE1003 - ');
Insert into HOR_ITEMS   (ID, ASIGNATURA_ID, ASIGNATURA, ESTUDIO_ID, ESTUDIO, CURSO_ID, CARACTER_ID, CARACTER, SEMESTRE_ID, COMUN, PORCENTAJE_COMUN, GRUPO_ID, TIPO_SUBGRUPO_ID, TIPO_SUBGRUPO, SUBGRUPO_ID, DIA_SEMANA_ID, HORA_INICIO, HORA_FIN, TIPO_ASIGNATURA_ID, TIPO_ASIGNATURA, TIPO_ESTUDIO_ID, TIPO_ESTUDIO, PLAZAS, DETALLE_MANUAL, COMUN_TEXTO) Values   (1146, 'AE1003', 'Matemàtica de les Operacions Financeres (Empresa)', 210, 'Grau en Administració d''Empreses', 1, 'TR', 'Troncal', 1, 1, 37, 'A', 'TU', 'Tutories', 1, 1, parsedatetime('12/10/2012 13:00:00', 'MM/dd/yyy HH:mm:ss'), parsedatetime('12/10/2012 14:00:00', 'MM/dd/yyy HH:mm:ss'), 'S', 'Semestral', 'G', 'Grau', 24, 0, 'AE1003 - ');
Insert into HOR_ITEMS   (ID, ASIGNATURA_ID, ASIGNATURA, ESTUDIO_ID, ESTUDIO, CURSO_ID, CARACTER_ID, CARACTER, SEMESTRE_ID, COMUN, PORCENTAJE_COMUN, GRUPO_ID, TIPO_SUBGRUPO_ID, TIPO_SUBGRUPO, SUBGRUPO_ID, DIA_SEMANA_ID, HORA_INICIO, HORA_FIN, TIPO_ASIGNATURA_ID, TIPO_ASIGNATURA, TIPO_ESTUDIO_ID, TIPO_ESTUDIO, PLAZAS, DETALLE_MANUAL, COMUN_TEXTO) Values   (1093, 'AE1004', 'Introducció a la Microeconomia (Economia)', 210, 'Grau en Administració d''Empreses', 1, 'TR', 'Troncal', 1, 1, 37, 'A', 'TU', 'Tutories', 4, 1, parsedatetime('11/26/2012 10:00:00', 'MM/dd/yyy HH:mm:ss'), parsedatetime('11/26/2012 12:00:00', 'MM/dd/yyy HH:mm:ss'), 'S', 'Semestral', 'G', 'Grau', 24, 0, 'AE1004 - ');
Insert into HOR_ITEMS   (ID, ASIGNATURA_ID, ASIGNATURA, ESTUDIO_ID, ESTUDIO, CURSO_ID, CARACTER_ID, CARACTER, SEMESTRE_ID, COMUN, PORCENTAJE_COMUN, GRUPO_ID, TIPO_SUBGRUPO_ID, TIPO_SUBGRUPO, SUBGRUPO_ID, HORA_INICIO, HORA_FIN, TIPO_ASIGNATURA_ID, TIPO_ASIGNATURA, TIPO_ESTUDIO_ID, TIPO_ESTUDIO, PLAZAS, DETALLE_MANUAL, COMUN_TEXTO) Values   (1094, 'AE1004', 'Introducció a la Microeconomia (Economia)', 210, 'Grau en Administració d''Empreses', 1, 'TR', 'Troncal', 1, 1, 37.5, 'A', 'TU', 'Tutories', 3, parsedatetime('07/13/2012 08:00:00', 'MM/dd/yyy HH:mm:ss'), parsedatetime('07/13/2012 10:00:00', 'MM/dd/yyy HH:mm:ss'), 'S', 'Semestral', 'G', 'Grau', 24, 0, 'AE1004 - ');
Insert into HOR_ITEMS   (ID, ASIGNATURA_ID, ASIGNATURA, ESTUDIO_ID, ESTUDIO, CURSO_ID, CARACTER_ID, CARACTER, SEMESTRE_ID, COMUN, PORCENTAJE_COMUN, GRUPO_ID, TIPO_SUBGRUPO_ID, TIPO_SUBGRUPO, SUBGRUPO_ID, HORA_INICIO, HORA_FIN, TIPO_ASIGNATURA_ID, TIPO_ASIGNATURA, TIPO_ESTUDIO_ID, TIPO_ESTUDIO, PLAZAS, DETALLE_MANUAL, COMUN_TEXTO) Values   (1095, 'AE1004', 'Introducció a la Microeconomia (Economia)', 210, 'Grau en Administració d''Empreses', 1, 'TR', 'Troncal', 1, 1, 37.5, 'A', 'TU', 'Tutories', 2, parsedatetime('07/23/2012 17:30:00', 'MM/dd/yyy HH:mm:ss'), parsedatetime('07/23/2012 19:30:00', 'MM/dd/yyy HH:mm:ss'), 'S', 'Semestral', 'G', 'Grau', 24, 0, 'AE1004 - ');
Insert into HOR_ITEMS   (ID, ASIGNATURA_ID, ASIGNATURA, ESTUDIO_ID, ESTUDIO, CURSO_ID, CARACTER_ID, CARACTER, SEMESTRE_ID, COMUN, PORCENTAJE_COMUN, GRUPO_ID, TIPO_SUBGRUPO_ID, TIPO_SUBGRUPO, SUBGRUPO_ID, DIA_SEMANA_ID, HORA_INICIO, HORA_FIN, TIPO_ASIGNATURA_ID, TIPO_ASIGNATURA, TIPO_ESTUDIO_ID, TIPO_ESTUDIO, PLAZAS, DETALLE_MANUAL, COMUN_TEXTO) Values   (1096, 'AE1004', 'Introducció a la Microeconomia (Economia)', 210, 'Grau en Administració d''Empreses', 1, 'TR', 'Troncal', 1, 1, 37, 'A', 'TU', 'Tutories', 1, 3, parsedatetime('12/12/2012 09:00:00', 'MM/dd/yyy HH:mm:ss'), parsedatetime('12/12/2012 10:30:00', 'MM/dd/yyy HH:mm:ss'), 'S', 'Semestral', 'G', 'Grau', 24, 0, 'AE1004 - ');
Insert into HOR_ITEMS   (ID, ASIGNATURA_ID, ASIGNATURA, ESTUDIO_ID, ESTUDIO, CURSO_ID, CARACTER_ID, CARACTER, SEMESTRE_ID, COMUN, PORCENTAJE_COMUN, GRUPO_ID, TIPO_SUBGRUPO_ID, TIPO_SUBGRUPO, SUBGRUPO_ID, TIPO_ASIGNATURA_ID, TIPO_ASIGNATURA, TIPO_ESTUDIO_ID, TIPO_ESTUDIO, PLAZAS, DETALLE_MANUAL, COMUN_TEXTO) Values   (1043, 'AE1006', 'Introducció a la Macroeconomia (Economia)', 210, 'Grau en Administració d''Empreses', 1, 'TR', 'Troncal', 2, 1, 37.5, 'A', 'TU', 'Tutories', 4, 'S', 'Semestral', 'G', 'Grau', 24, 0, 'AE1006 - ');
Insert into HOR_ITEMS   (ID, ASIGNATURA_ID, ASIGNATURA, ESTUDIO_ID, ESTUDIO, CURSO_ID, CARACTER_ID, CARACTER, SEMESTRE_ID, COMUN, PORCENTAJE_COMUN, GRUPO_ID, TIPO_SUBGRUPO_ID, TIPO_SUBGRUPO, SUBGRUPO_ID, TIPO_ASIGNATURA_ID, TIPO_ASIGNATURA, TIPO_ESTUDIO_ID, TIPO_ESTUDIO, PLAZAS, DETALLE_MANUAL, COMUN_TEXTO) Values   (1044, 'AE1006', 'Introducció a la Macroeconomia (Economia)', 210, 'Grau en Administració d''Empreses', 1, 'TR', 'Troncal', 2, 1, 37.5, 'A', 'TU', 'Tutories', 3, 'S', 'Semestral', 'G', 'Grau', 24, 0, 'AE1006 - ');
Insert into HOR_ITEMS   (ID, ASIGNATURA_ID, ASIGNATURA, ESTUDIO_ID, ESTUDIO, CURSO_ID, CARACTER_ID, CARACTER, SEMESTRE_ID, COMUN, PORCENTAJE_COMUN, GRUPO_ID, TIPO_SUBGRUPO_ID, TIPO_SUBGRUPO, SUBGRUPO_ID, TIPO_ASIGNATURA_ID, TIPO_ASIGNATURA, TIPO_ESTUDIO_ID, TIPO_ESTUDIO, PLAZAS, DETALLE_MANUAL, COMUN_TEXTO) Values   (1045, 'AE1006', 'Introducció a la Macroeconomia (Economia)', 210, 'Grau en Administració d''Empreses', 1, 'TR', 'Troncal', 2, 1, 37.5, 'A', 'TU', 'Tutories', 2, 'S', 'Semestral', 'G', 'Grau', 24, 0, 'AE1006 - ');
Insert into HOR_ITEMS   (ID, ASIGNATURA_ID, ASIGNATURA, ESTUDIO_ID, ESTUDIO, CURSO_ID, CARACTER_ID, CARACTER, SEMESTRE_ID, COMUN, PORCENTAJE_COMUN, GRUPO_ID, TIPO_SUBGRUPO_ID, TIPO_SUBGRUPO, SUBGRUPO_ID, DIA_SEMANA_ID, HORA_INICIO, HORA_FIN, TIPO_ASIGNATURA_ID, TIPO_ASIGNATURA, TIPO_ESTUDIO_ID, TIPO_ESTUDIO, PLAZAS, DETALLE_MANUAL, COMUN_TEXTO) Values   (1047, 'AE1006', 'Introducció a la Macroeconomia (Economia)', 210, 'Grau en Administració d''Empreses', 1, 'TR', 'Troncal', 2, 1, 37.5, 'A', 'TU', 'Tutories', 1, 1, parsedatetime('01/01/0001 13:30:00', 'MM/dd/yyy HH:mm:ss'), parsedatetime('01/01/0001 14:30:00', 'MM/dd/yyy HH:mm:ss'), 'S', 'Semestral', 'G', 'Grau', 24, 0, 'AE1006 - ');
Insert into HOR_ITEMS   (ID, ASIGNATURA_ID, ASIGNATURA, ESTUDIO_ID, ESTUDIO, CURSO_ID, CARACTER_ID, CARACTER, SEMESTRE_ID, COMUN, PORCENTAJE_COMUN, GRUPO_ID, TIPO_SUBGRUPO_ID, TIPO_SUBGRUPO, SUBGRUPO_ID, HORA_INICIO, HORA_FIN, TIPO_ASIGNATURA_ID, TIPO_ASIGNATURA, TIPO_ESTUDIO_ID, TIPO_ESTUDIO, PLAZAS, DETALLE_MANUAL, COMUN_TEXTO) Values   (1188, 'AE1002', 'Introducció a l''Administració d''Empreses (Empresa)', 210, 'Grau en Administració d''Empreses', 1, 'TR', 'Troncal', 1, 1, 37.5, 'A', 'TU', 'Tutories', 4, parsedatetime('07/16/2012 08:00:00', 'MM/dd/yyy HH:mm:ss'), parsedatetime('07/16/2012 10:00:00', 'MM/dd/yyy HH:mm:ss'), 'S', 'Semestral', 'G', 'Grau', 24, 0, 'AE1002 - ');
Insert into HOR_ITEMS   (ID, ASIGNATURA_ID, ASIGNATURA, ESTUDIO_ID, ESTUDIO, CURSO_ID, CARACTER_ID, CARACTER, SEMESTRE_ID, COMUN, PORCENTAJE_COMUN, GRUPO_ID, TIPO_SUBGRUPO_ID, TIPO_SUBGRUPO, SUBGRUPO_ID, HORA_INICIO, HORA_FIN, TIPO_ASIGNATURA_ID, TIPO_ASIGNATURA, TIPO_ESTUDIO_ID, TIPO_ESTUDIO, PLAZAS, DETALLE_MANUAL, COMUN_TEXTO) Values   (1189, 'AE1002', 'Introducció a l''Administració d''Empreses (Empresa)', 210, 'Grau en Administració d''Empreses', 1, 'TR', 'Troncal', 1, 1, 37, 'A', 'TU', 'Tutories', 3, parsedatetime('11/29/2012 08:00:00', 'MM/dd/yyy HH:mm:ss'), parsedatetime('11/29/2012 10:00:00', 'MM/dd/yyy HH:mm:ss'), 'S', 'Semestral', 'G', 'Grau', 24, 0, 'AE1002 - ');
Insert into HOR_ITEMS   (ID, ASIGNATURA_ID, ASIGNATURA, ESTUDIO_ID, ESTUDIO, CURSO_ID, CARACTER_ID, CARACTER, SEMESTRE_ID, COMUN, PORCENTAJE_COMUN, GRUPO_ID, TIPO_SUBGRUPO_ID, TIPO_SUBGRUPO, SUBGRUPO_ID, DIA_SEMANA_ID, HORA_INICIO, HORA_FIN, TIPO_ASIGNATURA_ID, TIPO_ASIGNATURA, TIPO_ESTUDIO_ID, TIPO_ESTUDIO, PLAZAS, DETALLE_MANUAL, COMUN_TEXTO) Values   (1190, 'AE1002', 'Introducció a l''Administració d''Empreses (Empresa)', 210, 'Grau en Administració d''Empreses', 1, 'TR', 'Troncal', 1, 1, 37, 'A', 'TU', 'Tutories', 2, 2, parsedatetime('12/04/2012 13:30:00', 'MM/dd/yyy HH:mm:ss'), parsedatetime('12/04/2012 14:30:00', 'MM/dd/yyy HH:mm:ss'), 'S', 'Semestral', 'G', 'Grau', 24, 0, 'AE1002 - ');
Insert into HOR_ITEMS   (ID, ASIGNATURA_ID, ASIGNATURA, ESTUDIO_ID, ESTUDIO, CURSO_ID, CARACTER_ID, CARACTER, SEMESTRE_ID, COMUN, PORCENTAJE_COMUN, GRUPO_ID, TIPO_SUBGRUPO_ID, TIPO_SUBGRUPO, SUBGRUPO_ID, DIA_SEMANA_ID, HORA_INICIO, HORA_FIN, TIPO_ASIGNATURA_ID, TIPO_ASIGNATURA, TIPO_ESTUDIO_ID, TIPO_ESTUDIO, PLAZAS, REPETIR_CADA_SEMANAS, NUMERO_ITERACIONES, DETALLE_MANUAL, COMUN_TEXTO) Values   (1191, 'AE1002', 'Introducció a l''Administració d''Empreses (Empresa)', 210, 'Grau en Administració d''Empreses', 1, 'TR', 'Troncal', 1, 1, 37, 'A', 'TU', 'Tutories', 1, 4, parsedatetime('12/06/2012 14:00:00', 'MM/dd/yyy HH:mm:ss'), parsedatetime('12/06/2012 16:00:00', 'MM/dd/yyy HH:mm:ss'), 'S', 'Semestral', 'G', 'Grau', 24, 2, 10, 1, 'AE1002 - ');
Insert into HOR_ITEMS   (ID, ASIGNATURA_ID, ASIGNATURA, ESTUDIO_ID, ESTUDIO, CURSO_ID, CARACTER_ID, CARACTER, SEMESTRE_ID, COMUN, PORCENTAJE_COMUN, GRUPO_ID, TIPO_SUBGRUPO_ID, TIPO_SUBGRUPO, SUBGRUPO_ID, DIA_SEMANA_ID, HORA_INICIO, HORA_FIN, TIPO_ASIGNATURA_ID, TIPO_ASIGNATURA, TIPO_ESTUDIO_ID, TIPO_ESTUDIO, PLAZAS, DETALLE_MANUAL, COMUN_TEXTO) Values   (2694, 'AE1009', 'Introducció al Dret (Dret)', 210, 'Grau en Administració d''Empreses', 1, 'TR', 'Troncal', 2, 1, 37, 'A', 'TE', 'Teoria', 1, 4, parsedatetime('01/01/0001 11:30:00', 'MM/dd/yyy HH:mm:ss'), parsedatetime('01/01/0001 13:30:00', 'MM/dd/yyy HH:mm:ss'), 'S', 'Semestral', 'G', 'Grau', 96, 0, 'AE1009 - ');
Insert into HOR_ITEMS   (ID, ASIGNATURA_ID, ASIGNATURA, ESTUDIO_ID, ESTUDIO, CURSO_ID, CARACTER_ID, CARACTER, SEMESTRE_ID, AULA_PLANIFICACION_ID, COMUN, PORCENTAJE_COMUN, GRUPO_ID, TIPO_SUBGRUPO_ID, TIPO_SUBGRUPO, SUBGRUPO_ID, DIA_SEMANA_ID, HORA_INICIO, HORA_FIN, TIPO_ASIGNATURA_ID, TIPO_ASIGNATURA, TIPO_ESTUDIO_ID, TIPO_ESTUDIO, PLAZAS, DETALLE_MANUAL, COMUN_TEXTO) Values   (2695, 'AE1009', 'Introducció al Dret (Dret)', 210, 'Grau en Administració d''Empreses', 1, 'TR', 'Troncal', 2, 840952, 1, 37, 'A', 'TE', 'Teoria', 1, 4, parsedatetime('01/01/0001 09:00:00', 'MM/dd/yyy HH:mm:ss'), parsedatetime('01/01/0001 11:00:00', 'MM/dd/yyy HH:mm:ss'), 'S', 'Semestral', 'G', 'Grau', 96, 0, 'AE1009 - ');
Insert into HOR_ITEMS   (ID, ASIGNATURA_ID, ASIGNATURA, ESTUDIO_ID, ESTUDIO, CURSO_ID, CARACTER_ID, CARACTER, SEMESTRE_ID, COMUN, PORCENTAJE_COMUN, GRUPO_ID, TIPO_SUBGRUPO_ID, TIPO_SUBGRUPO, SUBGRUPO_ID, DIA_SEMANA_ID, HORA_INICIO, HORA_FIN, TIPO_ASIGNATURA_ID, TIPO_ASIGNATURA, TIPO_ESTUDIO_ID, TIPO_ESTUDIO, PLAZAS, DETALLE_MANUAL, COMUN_TEXTO) Values   (2708, 'AE1008', 'Història Econòmica (Economia)', 210, 'Grau en Administració d''Empreses', 1, 'TR', 'Troncal', 2, 1, 37.5, 'A', 'TE', 'Teoria', 1, 2, parsedatetime('01/01/0001 11:30:00', 'MM/dd/yyy HH:mm:ss'), parsedatetime('01/01/0001 12:30:00', 'MM/dd/yyy HH:mm:ss'), 'S', 'Semestral', 'G', 'Grau', 96, 0, 'AE1008 - ');
Insert into HOR_ITEMS   (ID, ASIGNATURA_ID, ASIGNATURA, ESTUDIO_ID, ESTUDIO, CURSO_ID, CARACTER_ID, CARACTER, SEMESTRE_ID, COMUN, PORCENTAJE_COMUN, GRUPO_ID, TIPO_SUBGRUPO_ID, TIPO_SUBGRUPO, SUBGRUPO_ID, DIA_SEMANA_ID, HORA_INICIO, HORA_FIN, TIPO_ASIGNATURA_ID, TIPO_ASIGNATURA, TIPO_ESTUDIO_ID, TIPO_ESTUDIO, PLAZAS, DETALLE_MANUAL, COMUN_TEXTO) Values   (2709, 'AE1008', 'Història Econòmica (Economia)', 210, 'Grau en Administració d''Empreses', 1, 'TR', 'Troncal', 2, 1, 37.5, 'A', 'TE', 'Teoria', 1, 2, parsedatetime('10/30/2012 09:00:00', 'MM/dd/yyy HH:mm:ss'), parsedatetime('10/30/2012 11:00:00', 'MM/dd/yyy HH:mm:ss'), 'S', 'Semestral', 'G', 'Grau', 96, 0, 'AE1008 - ');
Insert into HOR_ITEMS   (ID, ASIGNATURA_ID, ASIGNATURA, ESTUDIO_ID, ESTUDIO, CURSO_ID, CARACTER_ID, CARACTER, SEMESTRE_ID, COMUN, PORCENTAJE_COMUN, GRUPO_ID, TIPO_SUBGRUPO_ID, TIPO_SUBGRUPO, SUBGRUPO_ID, DIA_SEMANA_ID, HORA_INICIO, HORA_FIN, TIPO_ASIGNATURA_ID, TIPO_ASIGNATURA, TIPO_ESTUDIO_ID, TIPO_ESTUDIO, PLAZAS, DETALLE_MANUAL, COMUN_TEXTO) Values   (2723, 'AE1007', 'Matemàtiques II (Matemàtiques)', 210, 'Grau en Administració d''Empreses', 1, 'TR', 'Troncal', 2, 1, 37.5, 'A', 'TE', 'Teoria', 1, 3, parsedatetime('10/31/2012 09:00:00', 'MM/dd/yyy HH:mm:ss'), parsedatetime('10/31/2012 11:00:00', 'MM/dd/yyy HH:mm:ss'), 'S', 'Semestral', 'G', 'Grau', 96, 0, 'AE1007 - ');
Insert into HOR_ITEMS   (ID, ASIGNATURA_ID, ASIGNATURA, ESTUDIO_ID, ESTUDIO, CURSO_ID, CARACTER_ID, CARACTER, SEMESTRE_ID, COMUN, PORCENTAJE_COMUN, GRUPO_ID, TIPO_SUBGRUPO_ID, TIPO_SUBGRUPO, SUBGRUPO_ID, DIA_SEMANA_ID, HORA_INICIO, HORA_FIN, TIPO_ASIGNATURA_ID, TIPO_ASIGNATURA, TIPO_ESTUDIO_ID, TIPO_ESTUDIO, PLAZAS, DETALLE_MANUAL, COMUN_TEXTO) Values   (2736, 'AE1006', 'Introducció a la Macroeconomia (Economia)', 210, 'Grau en Administració d''Empreses', 1, 'TR', 'Troncal', 2, 1, 37.5, 'A', 'TE', 'Teoria', 1, 1, parsedatetime('01/01/0001 09:00:00', 'MM/dd/yyy HH:mm:ss'), parsedatetime('01/01/0001 11:00:00', 'MM/dd/yyy HH:mm:ss'), 'S', 'Semestral', 'G', 'Grau', 96, 0, 'AE1006 - ');
Insert into HOR_ITEMS   (ID, ASIGNATURA_ID, ASIGNATURA, ESTUDIO_ID, ESTUDIO, CURSO_ID, CARACTER_ID, CARACTER, SEMESTRE_ID, COMUN, PORCENTAJE_COMUN, GRUPO_ID, TIPO_SUBGRUPO_ID, TIPO_SUBGRUPO, SUBGRUPO_ID, DIA_SEMANA_ID, HORA_INICIO, HORA_FIN, TIPO_ASIGNATURA_ID, TIPO_ASIGNATURA, TIPO_ESTUDIO_ID, TIPO_ESTUDIO, PLAZAS, REPETIR_CADA_SEMANAS, NUMERO_ITERACIONES, DETALLE_MANUAL, COMUN_TEXTO) Values   (2752, 'AE1005', 'Matemàtiques I (Matemàtiques)', 210, 'Grau en Administració d''Empreses', 1, 'TR', 'Troncal', 1, 1, 37, 'A', 'TE', 'Teoria', 1, 5, parsedatetime('12/07/2012 09:00:00', 'MM/dd/yyy HH:mm:ss'), parsedatetime('12/07/2012 10:00:00', 'MM/dd/yyy HH:mm:ss'), 'S', 'Semestral', 'G', 'Grau', 96, 1, 1, 0, 'AE1005 - ');
Insert into HOR_ITEMS   (ID, ASIGNATURA_ID, ASIGNATURA, ESTUDIO_ID, ESTUDIO, CURSO_ID, CARACTER_ID, CARACTER, SEMESTRE_ID, COMUN, PORCENTAJE_COMUN, GRUPO_ID, TIPO_SUBGRUPO_ID, TIPO_SUBGRUPO, SUBGRUPO_ID, DIA_SEMANA_ID, HORA_INICIO, HORA_FIN, TIPO_ASIGNATURA_ID, TIPO_ASIGNATURA, TIPO_ESTUDIO_ID, TIPO_ESTUDIO, PLAZAS, DETALLE_MANUAL, COMUN_TEXTO) Values   (2766, 'AE1004', 'Introducció a la Microeconomia (Economia)', 210, 'Grau en Administració d''Empreses', 1, 'TR', 'Troncal', 1, 1, 37, 'A', 'TE', 'Teoria', 1, 3, parsedatetime('12/12/2012 09:00:00', 'MM/dd/yyy HH:mm:ss'), parsedatetime('12/12/2012 10:00:00', 'MM/dd/yyy HH:mm:ss'), 'S', 'Semestral', 'G', 'Grau', 96, 0, 'AE1004 - ');
Insert into HOR_ITEMS   (ID, ASIGNATURA_ID, ASIGNATURA, ESTUDIO_ID, ESTUDIO, CURSO_ID, CARACTER_ID, CARACTER, SEMESTRE_ID, COMUN, PORCENTAJE_COMUN, GRUPO_ID, TIPO_SUBGRUPO_ID, TIPO_SUBGRUPO, SUBGRUPO_ID, DIA_SEMANA_ID, HORA_INICIO, HORA_FIN, TIPO_ASIGNATURA_ID, TIPO_ASIGNATURA, TIPO_ESTUDIO_ID, TIPO_ESTUDIO, PLAZAS, REPETIR_CADA_SEMANAS, NUMERO_ITERACIONES, DETALLE_MANUAL, COMUN_TEXTO) Values   (2774, 'AE1003', 'Matemàtica de les Operacions Financeres (Empresa)', 210, 'Grau en Administració d''Empreses', 1, 'TR', 'Troncal', 1, 1, 37, 'A', 'TE', 'Teoria', 1, 4, parsedatetime('12/06/2012 17:30:00', 'MM/dd/yyy HH:mm:ss'), parsedatetime('12/06/2012 19:00:00', 'MM/dd/yyy HH:mm:ss'), 'S', 'Semestral', 'G', 'Grau', 96, 2, 5, 0, 'AE1003 - ');
Insert into HOR_ITEMS   (ID, ASIGNATURA_ID, ASIGNATURA, ESTUDIO_ID, ESTUDIO, CURSO_ID, CARACTER_ID, CARACTER, SEMESTRE_ID, COMUN, PORCENTAJE_COMUN, GRUPO_ID, TIPO_SUBGRUPO_ID, TIPO_SUBGRUPO, SUBGRUPO_ID, DIA_SEMANA_ID, HORA_INICIO, HORA_FIN, TIPO_ASIGNATURA_ID, TIPO_ASIGNATURA, TIPO_ESTUDIO_ID, TIPO_ESTUDIO, PLAZAS, DETALLE_MANUAL, COMUN_TEXTO) Values   (2794, 'AE1002', 'Introducció a l''Administració d''Empreses (Empresa)', 210, 'Grau en Administració d''Empreses', 1, 'TR', 'Troncal', 1, 1, 37.5, 'A', 'TE', 'Teoria', 1, 4, parsedatetime('01/01/0001 09:00:00', 'MM/dd/yyy HH:mm:ss'), parsedatetime('01/01/0001 10:00:00', 'MM/dd/yyy HH:mm:ss'), 'S', 'Semestral', 'G', 'Grau', 96, 0, 'AE1002 - ');
Insert into HOR_ITEMS   (ID, ASIGNATURA_ID, ASIGNATURA, ESTUDIO_ID, ESTUDIO, CURSO_ID, CARACTER_ID, CARACTER, SEMESTRE_ID, AULA_PLANIFICACION_ID, COMUN, PORCENTAJE_COMUN, GRUPO_ID, TIPO_SUBGRUPO_ID, TIPO_SUBGRUPO, SUBGRUPO_ID, DIA_SEMANA_ID, HORA_INICIO, HORA_FIN, TIPO_ASIGNATURA_ID, TIPO_ASIGNATURA, TIPO_ESTUDIO_ID, TIPO_ESTUDIO, PLAZAS, DETALLE_MANUAL, COMUN_TEXTO) Values   (2808, 'AE1001', 'Introducció a la Comptabilitat (Empresa)', 210, 'Grau en Administració d''Empreses', 1, 'TR', 'Troncal', 1, 840591, 1, 37, 'A', 'TE', 'Teoria', 1, 2, parsedatetime('11/06/2012 08:00:00', 'MM/dd/yyy HH:mm:ss'), parsedatetime('11/06/2012 09:35:00', 'MM/dd/yyy HH:mm:ss'), 'S', 'Semestral', 'G', 'Grau', 96, 0, 'AE1001 - ');
Insert into HOR_ITEMS   (ID, ASIGNATURA_ID, ASIGNATURA, ESTUDIO_ID, ESTUDIO, CURSO_ID, CARACTER_ID, CARACTER, SEMESTRE_ID, COMUN, PORCENTAJE_COMUN, GRUPO_ID, TIPO_SUBGRUPO_ID, TIPO_SUBGRUPO, SUBGRUPO_ID, DIA_SEMANA_ID, HORA_INICIO, HORA_FIN, TIPO_ASIGNATURA_ID, TIPO_ASIGNATURA, TIPO_ESTUDIO_ID, TIPO_ESTUDIO, PLAZAS, DETALLE_MANUAL, COMUN_TEXTO) Values   (4444, 'AE1005', 'Matemàtiques I (Matemàtiques)', 210, 'Grau en Administració d''Empreses', 1, 'TR', 'Troncal', 1, 1, 37.5, 'A', 'PR', 'Problemes', 2, 5, parsedatetime('01/01/0001 13:30:00', 'MM/dd/yyy HH:mm:ss'), parsedatetime('01/01/0001 14:30:00', 'MM/dd/yyy HH:mm:ss'), 'S', 'Semestral', 'G', 'Grau', 48, 0, 'AE1005 - ');
Insert into HOR_ITEMS   (ID, ASIGNATURA_ID, ASIGNATURA, ESTUDIO_ID, ESTUDIO, CURSO_ID, CARACTER_ID, CARACTER, SEMESTRE_ID, COMUN, PORCENTAJE_COMUN, GRUPO_ID, TIPO_SUBGRUPO_ID, TIPO_SUBGRUPO, SUBGRUPO_ID, DIA_SEMANA_ID, HORA_INICIO, HORA_FIN, TIPO_ASIGNATURA_ID, TIPO_ASIGNATURA, TIPO_ESTUDIO_ID, TIPO_ESTUDIO, PLAZAS, DETALLE_MANUAL, COMUN_TEXTO) Values   (4445, 'AE1005', 'Matemàtiques I (Matemàtiques)', 210, 'Grau en Administració d''Empreses', 1, 'TR', 'Troncal', 1, 1, 37.5, 'A', 'PR', 'Problemes', 2, 5, parsedatetime('01/01/0001 11:30:00', 'MM/dd/yyy HH:mm:ss'), parsedatetime('01/01/0001 13:30:00', 'MM/dd/yyy HH:mm:ss'), 'S', 'Semestral', 'G', 'Grau', 48, 0, 'AE1005 - ');
Insert into HOR_ITEMS   (ID, ASIGNATURA_ID, ASIGNATURA, ESTUDIO_ID, ESTUDIO, CURSO_ID, CARACTER_ID, CARACTER, SEMESTRE_ID, COMUN, PORCENTAJE_COMUN, GRUPO_ID, TIPO_SUBGRUPO_ID, TIPO_SUBGRUPO, SUBGRUPO_ID, DIA_SEMANA_ID, HORA_INICIO, HORA_FIN, TIPO_ASIGNATURA_ID, TIPO_ASIGNATURA, TIPO_ESTUDIO_ID, TIPO_ESTUDIO, PLAZAS, DETALLE_MANUAL, COMUN_TEXTO) Values   (4446, 'AE1005', 'Matemàtiques I (Matemàtiques)', 210, 'Grau en Administració d''Empreses', 1, 'TR', 'Troncal', 1, 1, 37.5, 'A', 'PR', 'Problemes', 2, 5, parsedatetime('01/01/0001 10:00:00', 'MM/dd/yyy HH:mm:ss'), parsedatetime('01/01/0001 11:00:00', 'MM/dd/yyy HH:mm:ss'), 'S', 'Semestral', 'G', 'Grau', 48, 0, 'AE1005 - ');
Insert into HOR_ITEMS   (ID, ASIGNATURA_ID, ASIGNATURA, ESTUDIO_ID, ESTUDIO, CURSO_ID, CARACTER_ID, CARACTER, SEMESTRE_ID, COMUN, PORCENTAJE_COMUN, GRUPO_ID, TIPO_SUBGRUPO_ID, TIPO_SUBGRUPO, SUBGRUPO_ID, DIA_SEMANA_ID, HORA_INICIO, HORA_FIN, TIPO_ASIGNATURA_ID, TIPO_ASIGNATURA, TIPO_ESTUDIO_ID, TIPO_ESTUDIO, PLAZAS, DETALLE_MANUAL, COMUN_TEXTO) Values   (4447, 'AE1005', 'Matemàtiques I (Matemàtiques)', 210, 'Grau en Administració d''Empreses', 1, 'TR', 'Troncal', 1, 1, 37.5, 'A', 'PR', 'Problemes', 1, 5, parsedatetime('01/01/0001 13:30:00', 'MM/dd/yyy HH:mm:ss'), parsedatetime('01/01/0001 14:30:00', 'MM/dd/yyy HH:mm:ss'), 'S', 'Semestral', 'G', 'Grau', 48, 0, 'AE1005 - ');
Insert into HOR_ITEMS   (ID, ASIGNATURA_ID, ASIGNATURA, ESTUDIO_ID, ESTUDIO, CURSO_ID, CARACTER_ID, CARACTER, SEMESTRE_ID, COMUN, PORCENTAJE_COMUN, GRUPO_ID, TIPO_SUBGRUPO_ID, TIPO_SUBGRUPO, SUBGRUPO_ID, DIA_SEMANA_ID, HORA_INICIO, HORA_FIN, TIPO_ASIGNATURA_ID, TIPO_ASIGNATURA, TIPO_ESTUDIO_ID, TIPO_ESTUDIO, PLAZAS, DETALLE_MANUAL, COMUN_TEXTO) Values   (4448, 'AE1005', 'Matemàtiques I (Matemàtiques)', 210, 'Grau en Administració d''Empreses', 1, 'TR', 'Troncal', 1, 1, 37.5, 'A', 'PR', 'Problemes', 1, 5, parsedatetime('01/01/0001 11:30:00', 'MM/dd/yyy HH:mm:ss'), parsedatetime('01/01/0001 13:30:00', 'MM/dd/yyy HH:mm:ss'), 'S', 'Semestral', 'G', 'Grau', 48, 0, 'AE1005 - ');
Insert into HOR_ITEMS   (ID, ASIGNATURA_ID, ASIGNATURA, ESTUDIO_ID, ESTUDIO, CURSO_ID, CARACTER_ID, CARACTER, SEMESTRE_ID, COMUN, PORCENTAJE_COMUN, GRUPO_ID, TIPO_SUBGRUPO_ID, TIPO_SUBGRUPO, SUBGRUPO_ID, DIA_SEMANA_ID, HORA_INICIO, HORA_FIN, TIPO_ASIGNATURA_ID, TIPO_ASIGNATURA, TIPO_ESTUDIO_ID, TIPO_ESTUDIO, PLAZAS, DETALLE_MANUAL, COMUN_TEXTO) Values   (4449, 'AE1005', 'Matemàtiques I (Matemàtiques)', 210, 'Grau en Administració d''Empreses', 1, 'TR', 'Troncal', 1, 1, 37.5, 'A', 'PR', 'Problemes', 1, 5, parsedatetime('01/01/0001 10:00:00', 'MM/dd/yyy HH:mm:ss'), parsedatetime('01/01/0001 11:00:00', 'MM/dd/yyy HH:mm:ss'), 'S', 'Semestral', 'G', 'Grau', 48, 0, 'AE1005 - ');
Insert into HOR_ITEMS   (ID, ASIGNATURA_ID, ASIGNATURA, ESTUDIO_ID, ESTUDIO, CURSO_ID, CARACTER_ID, CARACTER, SEMESTRE_ID, COMUN, PORCENTAJE_COMUN, GRUPO_ID, TIPO_SUBGRUPO_ID, TIPO_SUBGRUPO, SUBGRUPO_ID, DIA_SEMANA_ID, HORA_INICIO, HORA_FIN, TIPO_ASIGNATURA_ID, TIPO_ASIGNATURA, TIPO_ESTUDIO_ID, TIPO_ESTUDIO, PLAZAS, DETALLE_MANUAL, COMUN_TEXTO) Values   (4466, 'AE1004', 'Introducció a la Microeconomia (Economia)', 210, 'Grau en Administració d''Empreses', 1, 'TR', 'Troncal', 1, 1, 37, 'A', 'PR', 'Problemes', 2, 3, parsedatetime('12/12/2012 18:00:00', 'MM/dd/yyy HH:mm:ss'), parsedatetime('12/12/2012 20:00:00', 'MM/dd/yyy HH:mm:ss'), 'S', 'Semestral', 'G', 'Grau', 48, 0, 'AE1004 - ');
Insert into HOR_ITEMS   (ID, ASIGNATURA_ID, ASIGNATURA, ESTUDIO_ID, ESTUDIO, CURSO_ID, CARACTER_ID, CARACTER, SEMESTRE_ID, COMUN, PORCENTAJE_COMUN, GRUPO_ID, TIPO_SUBGRUPO_ID, TIPO_SUBGRUPO, SUBGRUPO_ID, HORA_INICIO, HORA_FIN, TIPO_ASIGNATURA_ID, TIPO_ASIGNATURA, TIPO_ESTUDIO_ID, TIPO_ESTUDIO, PLAZAS, DETALLE_MANUAL, COMUN_TEXTO) Values   (4467, 'AE1004', 'Introducció a la Microeconomia (Economia)', 210, 'Grau en Administració d''Empreses', 1, 'TR', 'Troncal', 1, 1, 37.5, 'A', 'PR', 'Problemes', 1, parsedatetime('07/26/2012 17:00:00', 'MM/dd/yyy HH:mm:ss'), parsedatetime('07/26/2012 18:45:00', 'MM/dd/yyy HH:mm:ss'), 'S', 'Semestral', 'G', 'Grau', 48, 0, 'AE1004 - ');
Insert into HOR_ITEMS   (ID, ASIGNATURA_ID, ASIGNATURA, ESTUDIO_ID, ESTUDIO, CURSO_ID, CARACTER_ID, CARACTER, SEMESTRE_ID, COMUN, PORCENTAJE_COMUN, GRUPO_ID, TIPO_SUBGRUPO_ID, TIPO_SUBGRUPO, SUBGRUPO_ID, DIA_SEMANA_ID, HORA_INICIO, HORA_FIN, TIPO_ASIGNATURA_ID, TIPO_ASIGNATURA, TIPO_ESTUDIO_ID, TIPO_ESTUDIO, PLAZAS, DETALLE_MANUAL, COMUN_TEXTO) Values   (4537, 'AE1001', 'Introducció a la Comptabilitat (Empresa)', 210, 'Grau en Administració d''Empreses', 1, 'TR', 'Troncal', 1, 1, 37, 'A', 'PR', 'Problemes', 2, 2, parsedatetime('12/11/2012 17:30:00', 'MM/dd/yyy HH:mm:ss'), parsedatetime('12/11/2012 18:00:00', 'MM/dd/yyy HH:mm:ss'), 'S', 'Semestral', 'G', 'Grau', 48, 0, 'AE1001 - ');
Insert into HOR_ITEMS   (ID, ASIGNATURA_ID, ASIGNATURA, ESTUDIO_ID, ESTUDIO, CURSO_ID, CARACTER_ID, SEMESTRE_ID, COMUN, PORCENTAJE_COMUN, GRUPO_ID, TIPO_SUBGRUPO_ID, TIPO_SUBGRUPO, SUBGRUPO_ID, DIA_SEMANA_ID, HORA_INICIO, HORA_FIN, TIPO_ASIGNATURA_ID, TIPO_ASIGNATURA, TIPO_ESTUDIO_ID, TIPO_ESTUDIO, PLAZAS, DETALLE_MANUAL, COMUN_TEXTO) Values   (814768, 'AE1002', 'Introducció a l''Administració d''Empreses (Empresa)', 210, 'Grau en Administració d''Empreses', 1, 'TR', 1, 1, 37, 'A', 'TE', 'Teoria', 1, 5, parsedatetime('12/14/2012 15:30:00', 'MM/dd/yyy HH:mm:ss'), parsedatetime('12/14/2012 16:30:00', 'MM/dd/yyy HH:mm:ss'), 'S', 'Semestral', 'Grau', 'Grau', 96, 0, 'AE1002 - ');
Insert into HOR_ITEMS   (ID, ASIGNATURA_ID, ASIGNATURA, ESTUDIO_ID, ESTUDIO, CURSO_ID, CARACTER_ID, CARACTER, SEMESTRE_ID, COMUN, PORCENTAJE_COMUN, GRUPO_ID, TIPO_SUBGRUPO_ID, TIPO_SUBGRUPO, SUBGRUPO_ID, DIA_SEMANA_ID, HORA_INICIO, HORA_FIN, DESDE_EL_DIA, TIPO_ASIGNATURA_ID, TIPO_ASIGNATURA, TIPO_ESTUDIO_ID, TIPO_ESTUDIO, PLAZAS, REPETIR_CADA_SEMANAS, NUMERO_ITERACIONES, DETALLE_MANUAL, COMUN_TEXTO) Values   (4540, 'AE1001', 'Introducció a la Comptabilitat (Empresa)', 210, 'Grau en Administració d''Empreses', 1, 'TR', 'Troncal', 1, 1, 37, 'A', 'PR', 'Problemes', 1, 1, parsedatetime('11/26/2012 14:30:00', 'MM/dd/yyy HH:mm:ss'), parsedatetime('11/26/2012 16:30:00', 'MM/dd/yyy HH:mm:ss'), parsedatetime('11/29/2012 00:00:00', 'MM/dd/yyy HH:mm:ss'), 'S', 'Semestral', 'G', 'Grau', 48, 2, 4, 1, 'AE1001 - ');
Insert into HOR_ITEMS   (ID, ASIGNATURA_ID, ASIGNATURA, ESTUDIO_ID, ESTUDIO, CURSO_ID, CARACTER_ID, CARACTER, SEMESTRE_ID, COMUN, PORCENTAJE_COMUN, GRUPO_ID, TIPO_SUBGRUPO_ID, TIPO_SUBGRUPO, SUBGRUPO_ID, DIA_SEMANA_ID, HORA_INICIO, HORA_FIN, TIPO_ASIGNATURA_ID, TIPO_ASIGNATURA, TIPO_ESTUDIO_ID, TIPO_ESTUDIO, PLAZAS, REPETIR_CADA_SEMANAS, DETALLE_MANUAL, COMUN_TEXTO) Values   (4484, 'AE1003', 'Matemàtica de les Operacions Financeres (Empresa)', 210, 'Grau en Administració d''Empreses', 1, 'TR', 'Troncal', 1, 1, 37, 'A', 'PR', 'Problemes', 2, 2, parsedatetime('11/06/2012 11:30:00', 'MM/dd/yyy HH:mm:ss'), parsedatetime('11/06/2012 13:30:00', 'MM/dd/yyy HH:mm:ss'), 'S', 'Semestral', 'G', 'Grau', 48, 1, 0, 'AE1003 - ');
Insert into HOR_ITEMS   (ID, ASIGNATURA_ID, ASIGNATURA, ESTUDIO_ID, ESTUDIO, CURSO_ID, CARACTER_ID, CARACTER, SEMESTRE_ID, COMUN, PORCENTAJE_COMUN, GRUPO_ID, TIPO_SUBGRUPO_ID, TIPO_SUBGRUPO, SUBGRUPO_ID, HORA_INICIO, HORA_FIN, TIPO_ASIGNATURA_ID, TIPO_ASIGNATURA, TIPO_ESTUDIO_ID, TIPO_ESTUDIO, PLAZAS, DETALLE_MANUAL, COMUN_TEXTO) Values   (4485, 'AE1003', 'Matemàtica de les Operacions Financeres (Empresa)', 210, 'Grau en Administració d''Empreses', 1, 'TR', 'Troncal', 1, 1, 37.5, 'A', 'PR', 'Problemes', 1, parsedatetime('01/01/0001 11:30:00', 'MM/dd/yyy HH:mm:ss'), parsedatetime('01/01/0001 13:30:00', 'MM/dd/yyy HH:mm:ss'), 'S', 'Semestral', 'G', 'Grau', 48, 0, 'AE1003 - ');
Insert into HOR_ITEMS   (ID, ASIGNATURA_ID, ASIGNATURA, ESTUDIO_ID, ESTUDIO, CURSO_ID, CARACTER_ID, CARACTER, SEMESTRE_ID, COMUN, PORCENTAJE_COMUN, GRUPO_ID, TIPO_SUBGRUPO_ID, TIPO_SUBGRUPO, SUBGRUPO_ID, DIA_SEMANA_ID, HORA_INICIO, HORA_FIN, TIPO_ASIGNATURA_ID, TIPO_ASIGNATURA, TIPO_ESTUDIO_ID, TIPO_ESTUDIO, PLAZAS, DETALLE_MANUAL, COMUN_TEXTO) Values   (4507, 'AE1002', 'Introducció a l''Administració d''Empreses (Empresa)', 210, 'Grau en Administració d''Empreses', 1, 'TR', 'Troncal', 1, 1, 37, 'A', 'PR', 'Problemes', 2, 3, parsedatetime('12/12/2012 16:00:00', 'MM/dd/yyy HH:mm:ss'), parsedatetime('12/12/2012 18:00:00', 'MM/dd/yyy HH:mm:ss'), 'S', 'Semestral', 'G', 'Grau', 48, 0, 'AE1002 - ');
Insert into HOR_ITEMS   (ID, ASIGNATURA_ID, ASIGNATURA, ESTUDIO_ID, ESTUDIO, CURSO_ID, CARACTER_ID, CARACTER, SEMESTRE_ID, COMUN, PORCENTAJE_COMUN, GRUPO_ID, TIPO_SUBGRUPO_ID, TIPO_SUBGRUPO, SUBGRUPO_ID, DIA_SEMANA_ID, HORA_INICIO, HORA_FIN, TIPO_ASIGNATURA_ID, TIPO_ASIGNATURA, TIPO_ESTUDIO_ID, TIPO_ESTUDIO, PLAZAS, DETALLE_MANUAL, COMUN_TEXTO) Values   (4508, 'AE1002', 'Introducció a l''Administració d''Empreses (Empresa)', 210, 'Grau en Administració d''Empreses', 1, 'TR', 'Troncal', 1, 1, 37.5, 'A', 'PR', 'Problemes', 1, 1, parsedatetime('07/23/2012 17:00:00', 'MM/dd/yyy HH:mm:ss'), parsedatetime('07/23/2012 18:15:00', 'MM/dd/yyy HH:mm:ss'), 'S', 'Semestral', 'G', 'Grau', 48, 0, 'AE1002 - ');
Insert into HOR_ITEMS   (ID, ASIGNATURA_ID, ASIGNATURA, ESTUDIO_ID, ESTUDIO, CURSO_ID, CARACTER_ID, CARACTER, SEMESTRE_ID, COMUN, PORCENTAJE_COMUN, GRUPO_ID, TIPO_SUBGRUPO_ID, TIPO_SUBGRUPO, SUBGRUPO_ID, DIA_SEMANA_ID, HORA_INICIO, HORA_FIN, TIPO_ASIGNATURA_ID, TIPO_ASIGNATURA, TIPO_ESTUDIO_ID, TIPO_ESTUDIO, PLAZAS, DETALLE_MANUAL, COMUN_TEXTO) Values   (4361, 'AE1008', 'Història Econòmica (Economia)', 210, 'Grau en Administració d''Empreses', 1, 'TR', 'Troncal', 2, 1, 37.5, 'A', 'PR', 'Problemes', 2, 2, parsedatetime('01/01/0001 12:30:00', 'MM/dd/yyy HH:mm:ss'), parsedatetime('01/01/0001 13:30:00', 'MM/dd/yyy HH:mm:ss'), 'S', 'Semestral', 'G', 'Grau', 48, 0, 'AE1008 - ');
Insert into HOR_ITEMS   (ID, ASIGNATURA_ID, ASIGNATURA, ESTUDIO_ID, ESTUDIO, CURSO_ID, CARACTER_ID, CARACTER, SEMESTRE_ID, COMUN, PORCENTAJE_COMUN, GRUPO_ID, TIPO_SUBGRUPO_ID, TIPO_SUBGRUPO, SUBGRUPO_ID, DIA_SEMANA_ID, HORA_INICIO, HORA_FIN, TIPO_ASIGNATURA_ID, TIPO_ASIGNATURA, TIPO_ESTUDIO_ID, TIPO_ESTUDIO, PLAZAS, DETALLE_MANUAL, COMUN_TEXTO) Values   (4362, 'AE1008', 'Història Econòmica (Economia)', 210, 'Grau en Administració d''Empreses', 1, 'TR', 'Troncal', 2, 1, 37.5, 'A', 'PR', 'Problemes', 2, 2, parsedatetime('01/01/0001 11:30:00', 'MM/dd/yyy HH:mm:ss'), parsedatetime('01/01/0001 12:30:00', 'MM/dd/yyy HH:mm:ss'), 'S', 'Semestral', 'G', 'Grau', 48, 0, 'AE1008 - ');
Insert into HOR_ITEMS   (ID, ASIGNATURA_ID, ASIGNATURA, ESTUDIO_ID, ESTUDIO, CURSO_ID, CARACTER_ID, CARACTER, SEMESTRE_ID, COMUN, PORCENTAJE_COMUN, GRUPO_ID, TIPO_SUBGRUPO_ID, TIPO_SUBGRUPO, SUBGRUPO_ID, DIA_SEMANA_ID, HORA_INICIO, HORA_FIN, TIPO_ASIGNATURA_ID, TIPO_ASIGNATURA, TIPO_ESTUDIO_ID, TIPO_ESTUDIO, PLAZAS, DETALLE_MANUAL, COMUN_TEXTO) Values   (4363, 'AE1008', 'Història Econòmica (Economia)', 210, 'Grau en Administració d''Empreses', 1, 'TR', 'Troncal', 2, 1, 37.5, 'A', 'PR', 'Problemes', 1, 2, parsedatetime('01/01/0001 12:30:00', 'MM/dd/yyy HH:mm:ss'), parsedatetime('01/01/0001 13:30:00', 'MM/dd/yyy HH:mm:ss'), 'S', 'Semestral', 'G', 'Grau', 48, 0, 'AE1008 - ');
Insert into HOR_ITEMS   (ID, ASIGNATURA_ID, ASIGNATURA, ESTUDIO_ID, ESTUDIO, CURSO_ID, CARACTER_ID, CARACTER, SEMESTRE_ID, COMUN, PORCENTAJE_COMUN, GRUPO_ID, TIPO_SUBGRUPO_ID, TIPO_SUBGRUPO, SUBGRUPO_ID, DIA_SEMANA_ID, HORA_INICIO, HORA_FIN, TIPO_ASIGNATURA_ID, TIPO_ASIGNATURA, TIPO_ESTUDIO_ID, TIPO_ESTUDIO, PLAZAS, DETALLE_MANUAL, COMUN_TEXTO) Values   (4364, 'AE1008', 'Història Econòmica (Economia)', 210, 'Grau en Administració d''Empreses', 1, 'TR', 'Troncal', 2, 1, 37.5, 'A', 'PR', 'Problemes', 1, 2, parsedatetime('01/01/0001 11:30:00', 'MM/dd/yyy HH:mm:ss'), parsedatetime('01/01/0001 12:30:00', 'MM/dd/yyy HH:mm:ss'), 'S', 'Semestral', 'G', 'Grau', 48, 0, 'AE1008 - ');
Insert into HOR_ITEMS   (ID, ASIGNATURA_ID, ASIGNATURA, ESTUDIO_ID, ESTUDIO, CURSO_ID, CARACTER_ID, CARACTER, SEMESTRE_ID, COMUN, PORCENTAJE_COMUN, GRUPO_ID, TIPO_SUBGRUPO_ID, TIPO_SUBGRUPO, SUBGRUPO_ID, DIA_SEMANA_ID, HORA_INICIO, HORA_FIN, TIPO_ASIGNATURA_ID, TIPO_ASIGNATURA, TIPO_ESTUDIO_ID, TIPO_ESTUDIO, PLAZAS, DETALLE_MANUAL, COMUN_TEXTO) Values   (4389, 'AE1007', 'Matemàtiques II (Matemàtiques)', 210, 'Grau en Administració d''Empreses', 1, 'TR', 'Troncal', 2, 1, 37.5, 'A', 'PR', 'Problemes', 2, 3, parsedatetime('01/01/0001 11:30:00', 'MM/dd/yyy HH:mm:ss'), parsedatetime('01/01/0001 13:30:00', 'MM/dd/yyy HH:mm:ss'), 'S', 'Semestral', 'G', 'Grau', 48, 0, 'AE1007 - ');
Insert into HOR_ITEMS   (ID, ASIGNATURA_ID, ASIGNATURA, ESTUDIO_ID, ESTUDIO, CURSO_ID, CARACTER_ID, CARACTER, SEMESTRE_ID, COMUN, PORCENTAJE_COMUN, GRUPO_ID, TIPO_SUBGRUPO_ID, TIPO_SUBGRUPO, SUBGRUPO_ID, DIA_SEMANA_ID, HORA_INICIO, HORA_FIN, TIPO_ASIGNATURA_ID, TIPO_ASIGNATURA, TIPO_ESTUDIO_ID, TIPO_ESTUDIO, PLAZAS, DETALLE_MANUAL, COMUN_TEXTO) Values   (4407, 'AE1006', 'Introducció a la Macroeconomia (Economia)', 210, 'Grau en Administració d''Empreses', 1, 'TR', 'Troncal', 2, 1, 37.5, 'A', 'PR', 'Problemes', 2, 1, parsedatetime('01/01/0001 11:30:00', 'MM/dd/yyy HH:mm:ss'), parsedatetime('01/01/0001 13:30:00', 'MM/dd/yyy HH:mm:ss'), 'S', 'Semestral', 'G', 'Grau', 48, 0, 'AE1006 - ');
Insert into HOR_ITEMS   (ID, ASIGNATURA_ID, ASIGNATURA, ESTUDIO_ID, ESTUDIO, CURSO_ID, CARACTER_ID, CARACTER, SEMESTRE_ID, COMUN, PORCENTAJE_COMUN, GRUPO_ID, TIPO_SUBGRUPO_ID, TIPO_SUBGRUPO, SUBGRUPO_ID, DIA_SEMANA_ID, HORA_INICIO, HORA_FIN, TIPO_ASIGNATURA_ID, TIPO_ASIGNATURA, TIPO_ESTUDIO_ID, TIPO_ESTUDIO, PLAZAS, DETALLE_MANUAL, COMUN_TEXTO) Values   (4408, 'AE1006', 'Introducció a la Macroeconomia (Economia)', 210, 'Grau en Administració d''Empreses', 1, 'TR', 'Troncal', 2, 1, 37.5, 'A', 'PR', 'Problemes', 1, 1, parsedatetime('01/01/0001 11:30:00', 'MM/dd/yyy HH:mm:ss'), parsedatetime('01/01/0001 13:30:00', 'MM/dd/yyy HH:mm:ss'), 'S', 'Semestral', 'G', 'Grau', 48, 0, 'AE1006 - ');
Insert into HOR_ITEMS   (ID, ASIGNATURA_ID, ASIGNATURA, ESTUDIO_ID, ESTUDIO, CURSO_ID, CARACTER_ID, CARACTER, SEMESTRE_ID, COMUN, PORCENTAJE_COMUN, GRUPO_ID, TIPO_SUBGRUPO_ID, TIPO_SUBGRUPO, SUBGRUPO_ID, TIPO_ASIGNATURA_ID, TIPO_ASIGNATURA, TIPO_ESTUDIO_ID, TIPO_ESTUDIO, PLAZAS, DETALLE_MANUAL, COMUN_TEXTO) Values   (7670, 'AE1010', 'Introducció als Sistemes d''Informació de l''Empresa', 210, 'Grau en Administració d''Empreses', 1, 'OB', 'Obligatoria', 2, 1, 37.5, 'A', 'TU', 'Tutories', 4, 'S', 'Semestral', 'G', 'Grau', 24, 0, 'AE1010 - ');
Insert into HOR_ITEMS   (ID, ASIGNATURA_ID, ASIGNATURA, ESTUDIO_ID, ESTUDIO, CURSO_ID, CARACTER_ID, CARACTER, SEMESTRE_ID, COMUN, PORCENTAJE_COMUN, GRUPO_ID, TIPO_SUBGRUPO_ID, TIPO_SUBGRUPO, SUBGRUPO_ID, TIPO_ASIGNATURA_ID, TIPO_ASIGNATURA, TIPO_ESTUDIO_ID, TIPO_ESTUDIO, PLAZAS, DETALLE_MANUAL, COMUN_TEXTO) Values   (7671, 'AE1010', 'Introducció als Sistemes d''Informació de l''Empresa', 210, 'Grau en Administració d''Empreses', 1, 'OB', 'Obligatoria', 2, 1, 37.5, 'A', 'TU', 'Tutories', 3, 'S', 'Semestral', 'G', 'Grau', 24, 0, 'AE1010 - ');
Insert into HOR_ITEMS   (ID, ASIGNATURA_ID, ASIGNATURA, ESTUDIO_ID, ESTUDIO, CURSO_ID, CARACTER_ID, CARACTER, SEMESTRE_ID, COMUN, PORCENTAJE_COMUN, GRUPO_ID, TIPO_SUBGRUPO_ID, TIPO_SUBGRUPO, SUBGRUPO_ID, TIPO_ASIGNATURA_ID, TIPO_ASIGNATURA, TIPO_ESTUDIO_ID, TIPO_ESTUDIO, PLAZAS, DETALLE_MANUAL, COMUN_TEXTO) Values   (7672, 'AE1010', 'Introducció als Sistemes d''Informació de l''Empresa', 210, 'Grau en Administració d''Empreses', 1, 'OB', 'Obligatoria', 2, 1, 37.5, 'A', 'TU', 'Tutories', 2, 'S', 'Semestral', 'G', 'Grau', 24, 0, 'AE1010 - ');
Insert into HOR_ITEMS   (ID, ASIGNATURA_ID, ASIGNATURA, ESTUDIO_ID, ESTUDIO, CURSO_ID, CARACTER_ID, CARACTER, SEMESTRE_ID, COMUN, PORCENTAJE_COMUN, GRUPO_ID, TIPO_SUBGRUPO_ID, TIPO_SUBGRUPO, SUBGRUPO_ID, DIA_SEMANA_ID, HORA_INICIO, HORA_FIN, TIPO_ASIGNATURA_ID, TIPO_ASIGNATURA, TIPO_ESTUDIO_ID, TIPO_ESTUDIO, PLAZAS, DETALLE_MANUAL, COMUN_TEXTO) Values   (7673, 'AE1010', 'Introducció als Sistemes d''Informació de l''Empresa', 210, 'Grau en Administració d''Empreses', 1, 'OB', 'Obligatoria', 2, 1, 37.5, 'A', 'TU', 'Tutories', 1, 5, parsedatetime('01/01/0001 13:30:00', 'MM/dd/yyy HH:mm:ss'), parsedatetime('01/01/0001 15:30:00', 'MM/dd/yyy HH:mm:ss'), 'S', 'Semestral', 'G', 'Grau', 24, 0, 'AE1010 - ');
Insert into HOR_ITEMS   (ID, ASIGNATURA_ID, ASIGNATURA, ESTUDIO_ID, ESTUDIO, CURSO_ID, CARACTER_ID, CARACTER, SEMESTRE_ID, COMUN, PORCENTAJE_COMUN, GRUPO_ID, TIPO_SUBGRUPO_ID, TIPO_SUBGRUPO, SUBGRUPO_ID, DIA_SEMANA_ID, HORA_INICIO, HORA_FIN, TIPO_ASIGNATURA_ID, TIPO_ASIGNATURA, TIPO_ESTUDIO_ID, TIPO_ESTUDIO, PLAZAS, DETALLE_MANUAL, COMUN_TEXTO) Values   (7674, 'AE1010', 'Introducció als Sistemes d''Informació de l''Empresa', 210, 'Grau en Administració d''Empreses', 1, 'OB', 'Obligatoria', 2, 1, 37.5, 'A', 'TU', 'Tutories', 1, 5, parsedatetime('01/01/0001 08:00:00', 'MM/dd/yyy HH:mm:ss'), parsedatetime('01/01/0001 09:00:00', 'MM/dd/yyy HH:mm:ss'), 'S', 'Semestral', 'G', 'Grau', 24, 0, 'AE1010 - ');
Insert into HOR_ITEMS   (ID, ASIGNATURA_ID, ASIGNATURA, ESTUDIO_ID, ESTUDIO, CURSO_ID, CARACTER_ID, CARACTER, SEMESTRE_ID, COMUN, PORCENTAJE_COMUN, GRUPO_ID, TIPO_SUBGRUPO_ID, TIPO_SUBGRUPO, SUBGRUPO_ID, DIA_SEMANA_ID, HORA_INICIO, HORA_FIN, TIPO_ASIGNATURA_ID, TIPO_ASIGNATURA, TIPO_ESTUDIO_ID, TIPO_ESTUDIO, PLAZAS, DETALLE_MANUAL, COMUN_TEXTO) Values   (9345, 'AE1010', 'Introducció als Sistemes d''Informació de l''Empresa', 210, 'Grau en Administració d''Empreses', 1, 'OB', 'Obligatoria', 2, 1, 37.5, 'A', 'TE', 'Teoria', 1, 5, parsedatetime('11/02/2012 16:30:00', 'MM/dd/yyy HH:mm:ss'), parsedatetime('11/02/2012 18:30:00', 'MM/dd/yyy HH:mm:ss'), 'S', 'Semestral', 'G', 'Grau', 96, 0, 'AE1010 - ');
Insert into HOR_ITEMS   (ID, ASIGNATURA_ID, ASIGNATURA, ESTUDIO_ID, ESTUDIO, CURSO_ID, CARACTER_ID, CARACTER, SEMESTRE_ID, COMUN, PORCENTAJE_COMUN, GRUPO_ID, TIPO_SUBGRUPO_ID, TIPO_SUBGRUPO, SUBGRUPO_ID, DIA_SEMANA_ID, HORA_INICIO, HORA_FIN, TIPO_ASIGNATURA_ID, TIPO_ASIGNATURA, TIPO_ESTUDIO_ID, TIPO_ESTUDIO, PLAZAS, DETALLE_MANUAL, COMUN_TEXTO) Values   (9346, 'AE1010', 'Introducció als Sistemes d''Informació de l''Empresa', 210, 'Grau en Administració d''Empreses', 1, 'OB', 'Obligatoria', 2, 1, 37.5, 'A', 'TE', 'Teoria', 1, 5, parsedatetime('01/01/0001 09:00:00', 'MM/dd/yyy HH:mm:ss'), parsedatetime('01/01/0001 11:00:00', 'MM/dd/yyy HH:mm:ss'), 'S', 'Semestral', 'G', 'Grau', 96, 0, 'AE1010 - ');
Insert into HOR_ITEMS   (ID, ASIGNATURA_ID, ASIGNATURA, ESTUDIO_ID, ESTUDIO, CURSO_ID, CARACTER_ID, CARACTER, SEMESTRE_ID, COMUN, PORCENTAJE_COMUN, GRUPO_ID, TIPO_SUBGRUPO_ID, TIPO_SUBGRUPO, SUBGRUPO_ID, DIA_SEMANA_ID, HORA_INICIO, HORA_FIN, TIPO_ASIGNATURA_ID, TIPO_ASIGNATURA, TIPO_ESTUDIO_ID, TIPO_ESTUDIO, PLAZAS, DETALLE_MANUAL, COMUN_TEXTO) Values   (5801, 'AE1006', 'Introducció a la Macroeconomia (Economia)', 210, 'Grau en Administració d''Empreses', 1, 'TR', 'Troncal', 2, 1, 37.5, 'A', 'LA', 'Laboratori', 4, 1, parsedatetime('01/01/0001 13:30:00', 'MM/dd/yyy HH:mm:ss'), parsedatetime('01/01/0001 15:30:00', 'MM/dd/yyy HH:mm:ss'), 'S', 'Semestral', 'G', 'Grau', 24, 0, 'AE1006 - ');
Insert into HOR_ITEMS   (ID, ASIGNATURA_ID, ASIGNATURA, ESTUDIO_ID, ESTUDIO, CURSO_ID, CARACTER_ID, CARACTER, SEMESTRE_ID, COMUN, PORCENTAJE_COMUN, GRUPO_ID, TIPO_SUBGRUPO_ID, TIPO_SUBGRUPO, SUBGRUPO_ID, DIA_SEMANA_ID, HORA_INICIO, HORA_FIN, TIPO_ASIGNATURA_ID, TIPO_ASIGNATURA, TIPO_ESTUDIO_ID, TIPO_ESTUDIO, PLAZAS, DETALLE_MANUAL, COMUN_TEXTO) Values   (5802, 'AE1006', 'Introducció a la Macroeconomia (Economia)', 210, 'Grau en Administració d''Empreses', 1, 'TR', 'Troncal', 2, 1, 37.5, 'A', 'LA', 'Laboratori', 3, 1, parsedatetime('01/01/0001 13:30:00', 'MM/dd/yyy HH:mm:ss'), parsedatetime('01/01/0001 15:30:00', 'MM/dd/yyy HH:mm:ss'), 'S', 'Semestral', 'G', 'Grau', 24, 0, 'AE1006 - ');
Insert into HOR_ITEMS   (ID, ASIGNATURA_ID, ASIGNATURA, ESTUDIO_ID, ESTUDIO, CURSO_ID, CARACTER_ID, CARACTER, SEMESTRE_ID, COMUN, PORCENTAJE_COMUN, GRUPO_ID, TIPO_SUBGRUPO_ID, TIPO_SUBGRUPO, SUBGRUPO_ID, DIA_SEMANA_ID, HORA_INICIO, HORA_FIN, TIPO_ASIGNATURA_ID, TIPO_ASIGNATURA, TIPO_ESTUDIO_ID, TIPO_ESTUDIO, PLAZAS, DETALLE_MANUAL, COMUN_TEXTO) Values   (5803, 'AE1006', 'Introducció a la Macroeconomia (Economia)', 210, 'Grau en Administració d''Empreses', 1, 'TR', 'Troncal', 2, 1, 37.5, 'A', 'LA', 'Laboratori', 2, 1, parsedatetime('01/01/0001 11:30:00', 'MM/dd/yyy HH:mm:ss'), parsedatetime('01/01/0001 13:30:00', 'MM/dd/yyy HH:mm:ss'), 'S', 'Semestral', 'G', 'Grau', 24, 0, 'AE1006 - ');
Insert into HOR_ITEMS   (ID, ASIGNATURA_ID, ASIGNATURA, ESTUDIO_ID, ESTUDIO, CURSO_ID, CARACTER_ID, CARACTER, SEMESTRE_ID, COMUN, PORCENTAJE_COMUN, GRUPO_ID, TIPO_SUBGRUPO_ID, TIPO_SUBGRUPO, SUBGRUPO_ID, DIA_SEMANA_ID, HORA_INICIO, HORA_FIN, TIPO_ASIGNATURA_ID, TIPO_ASIGNATURA, TIPO_ESTUDIO_ID, TIPO_ESTUDIO, PLAZAS, DETALLE_MANUAL, COMUN_TEXTO) Values   (5804, 'AE1006', 'Introducció a la Macroeconomia (Economia)', 210, 'Grau en Administració d''Empreses', 1, 'TR', 'Troncal', 2, 1, 37.5, 'A', 'LA', 'Laboratori', 1, 1, parsedatetime('01/01/0001 11:30:00', 'MM/dd/yyy HH:mm:ss'), parsedatetime('01/01/0001 13:30:00', 'MM/dd/yyy HH:mm:ss'), 'S', 'Semestral', 'G', 'Grau', 24, 0, 'AE1006 - ');
Insert into HOR_ITEMS   (ID, ASIGNATURA_ID, ASIGNATURA, ESTUDIO_ID, ESTUDIO, CURSO_ID, CARACTER_ID, CARACTER, SEMESTRE_ID, AULA_PLANIFICACION_ID, COMUN, PORCENTAJE_COMUN, GRUPO_ID, TIPO_SUBGRUPO_ID, TIPO_SUBGRUPO, SUBGRUPO_ID, DIA_SEMANA_ID, HORA_INICIO, HORA_FIN, DESDE_EL_DIA, TIPO_ASIGNATURA_ID, TIPO_ASIGNATURA, TIPO_ESTUDIO_ID, TIPO_ESTUDIO, PLAZAS, REPETIR_CADA_SEMANAS, NUMERO_ITERACIONES, DETALLE_MANUAL, COMUN_TEXTO) Values   (5837, 'AE1004', 'Introducció a la Microeconomia (Economia)', 210, 'Grau en Administració d''Empreses', 1, 'TR', 'Troncal', 1, 4906, 1, 37, 'A', 'LA', 'Laboratori', 4, 2, parsedatetime('12/11/2012 14:30:00', 'MM/dd/yyy HH:mm:ss'), parsedatetime('12/11/2012 17:00:00', 'MM/dd/yyy HH:mm:ss'), parsedatetime('10/01/2012 00:00:00', 'MM/dd/yyy HH:mm:ss'), 'S', 'Semestral', 'G', 'Grau', 24, 2, 3, 1, 'AE1004 - ');
Insert into HOR_ITEMS   (ID, ASIGNATURA_ID, ASIGNATURA, ESTUDIO_ID, ESTUDIO, CURSO_ID, CARACTER_ID, CARACTER, SEMESTRE_ID, COMUN, PORCENTAJE_COMUN, GRUPO_ID, TIPO_SUBGRUPO_ID, TIPO_SUBGRUPO, SUBGRUPO_ID, DIA_SEMANA_ID, HORA_INICIO, HORA_FIN, TIPO_ASIGNATURA_ID, TIPO_ASIGNATURA, TIPO_ESTUDIO_ID, TIPO_ESTUDIO, PLAZAS, DETALLE_MANUAL, COMUN_TEXTO) Values   (5838, 'AE1004', 'Introducció a la Microeconomia (Economia)', 210, 'Grau en Administració d''Empreses', 1, 'TR', 'Troncal', 1, 1, 37, 'A', 'LA', 'Laboratori', 3, 3, parsedatetime('12/12/2012 11:30:00', 'MM/dd/yyy HH:mm:ss'), parsedatetime('12/12/2012 13:30:00', 'MM/dd/yyy HH:mm:ss'), 'S', 'Semestral', 'G', 'Grau', 24, 0, 'AE1004 - ');
Insert into HOR_ITEMS   (ID, ASIGNATURA_ID, ASIGNATURA, ESTUDIO_ID, ESTUDIO, CURSO_ID, CARACTER_ID, CARACTER, SEMESTRE_ID, COMUN, PORCENTAJE_COMUN, GRUPO_ID, TIPO_SUBGRUPO_ID, TIPO_SUBGRUPO, SUBGRUPO_ID, DIA_SEMANA_ID, HORA_INICIO, HORA_FIN, TIPO_ASIGNATURA_ID, TIPO_ASIGNATURA, TIPO_ESTUDIO_ID, TIPO_ESTUDIO, PLAZAS, DETALLE_MANUAL, COMUN_TEXTO) Values   (5839, 'AE1004', 'Introducció a la Microeconomia (Economia)', 210, 'Grau en Administració d''Empreses', 1, 'TR', 'Troncal', 1, 1, 37.5, 'A', 'LA', 'Laboratori', 2, 3, parsedatetime('10/31/2012 11:30:00', 'MM/dd/yyy HH:mm:ss'), parsedatetime('10/31/2012 13:30:00', 'MM/dd/yyy HH:mm:ss'), 'S', 'Semestral', 'G', 'Grau', 24, 0, 'AE1004 - ');
Insert into HOR_ITEMS   (ID, ASIGNATURA_ID, ASIGNATURA, ESTUDIO_ID, ESTUDIO, CURSO_ID, CARACTER_ID, CARACTER, SEMESTRE_ID, COMUN, PORCENTAJE_COMUN, GRUPO_ID, TIPO_SUBGRUPO_ID, TIPO_SUBGRUPO, SUBGRUPO_ID, DIA_SEMANA_ID, HORA_INICIO, HORA_FIN, TIPO_ASIGNATURA_ID, TIPO_ASIGNATURA, TIPO_ESTUDIO_ID, TIPO_ESTUDIO, PLAZAS, DETALLE_MANUAL, COMUN_TEXTO) Values   (5840, 'AE1004', 'Introducció a la Microeconomia (Economia)', 210, 'Grau en Administració d''Empreses', 1, 'TR', 'Troncal', 1, 1, 37, 'A', 'LA', 'Laboratori', 1, 3, parsedatetime('10/31/2012 11:30:00', 'MM/dd/yyy HH:mm:ss'), parsedatetime('10/31/2012 13:30:00', 'MM/dd/yyy HH:mm:ss'), 'S', 'Semestral', 'G', 'Grau', 24, 0, 'AE1004 - ');
Insert into HOR_ITEMS   (ID, ASIGNATURA_ID, ASIGNATURA, ESTUDIO_ID, ESTUDIO, CURSO_ID, CARACTER_ID, CARACTER, SEMESTRE_ID, COMUN, PORCENTAJE_COMUN, GRUPO_ID, TIPO_SUBGRUPO_ID, TIPO_SUBGRUPO, SUBGRUPO_ID, TIPO_ASIGNATURA_ID, TIPO_ASIGNATURA, TIPO_ESTUDIO_ID, TIPO_ESTUDIO, PLAZAS, DETALLE_MANUAL, COMUN_TEXTO) Values   (6531, 'AE1009', 'Introducció al Dret (Dret)', 210, 'Grau en Administració d''Empreses', 1, 'TR', 'Troncal', 2, 1, 37.5, 'A', 'AV', 'Avaluació', 1, 'S', 'Semestral', 'G', 'Grau', 96, 0, 'AE1009 - ');
Insert into HOR_ITEMS   (ID, ASIGNATURA_ID, ASIGNATURA, ESTUDIO_ID, ESTUDIO, CURSO_ID, CARACTER_ID, CARACTER, SEMESTRE_ID, COMUN, PORCENTAJE_COMUN, GRUPO_ID, TIPO_SUBGRUPO_ID, TIPO_SUBGRUPO, SUBGRUPO_ID, TIPO_ASIGNATURA_ID, TIPO_ASIGNATURA, TIPO_ESTUDIO_ID, TIPO_ESTUDIO, PLAZAS, DETALLE_MANUAL, COMUN_TEXTO) Values   (6539, 'AE1008', 'Història Econòmica (Economia)', 210, 'Grau en Administració d''Empreses', 1, 'TR', 'Troncal', 2, 1, 37.5, 'A', 'AV', 'Avaluació', 1, 'S', 'Semestral', 'G', 'Grau', 96, 0, 'AE1008 - ');
Insert into HOR_ITEMS   (ID, ASIGNATURA_ID, ASIGNATURA, ESTUDIO_ID, ESTUDIO, CURSO_ID, CARACTER_ID, CARACTER, SEMESTRE_ID, COMUN, PORCENTAJE_COMUN, GRUPO_ID, TIPO_SUBGRUPO_ID, TIPO_SUBGRUPO, SUBGRUPO_ID, TIPO_ASIGNATURA_ID, TIPO_ASIGNATURA, TIPO_ESTUDIO_ID, TIPO_ESTUDIO, PLAZAS, DETALLE_MANUAL, COMUN_TEXTO) Values   (6547, 'AE1007', 'Matemàtiques II (Matemàtiques)', 210, 'Grau en Administració d''Empreses', 1, 'TR', 'Troncal', 2, 1, 37.5, 'A', 'AV', 'Avaluació', 1, 'S', 'Semestral', 'G', 'Grau', 96, 0, 'AE1007 - ');
Insert into HOR_ITEMS   (ID, ASIGNATURA_ID, ASIGNATURA, ESTUDIO_ID, ESTUDIO, CURSO_ID, CARACTER_ID, CARACTER, SEMESTRE_ID, COMUN, PORCENTAJE_COMUN, GRUPO_ID, TIPO_SUBGRUPO_ID, TIPO_SUBGRUPO, SUBGRUPO_ID, TIPO_ASIGNATURA_ID, TIPO_ASIGNATURA, TIPO_ESTUDIO_ID, TIPO_ESTUDIO, PLAZAS, DETALLE_MANUAL, COMUN_TEXTO) Values   (6555, 'AE1006', 'Introducció a la Macroeconomia (Economia)', 210, 'Grau en Administració d''Empreses', 1, 'TR', 'Troncal', 2, 1, 37.5, 'A', 'AV', 'Avaluació', 1, 'S', 'Semestral', 'G', 'Grau', 96, 0, 'AE1006 - ');
Insert into HOR_ITEMS   (ID, ASIGNATURA_ID, ASIGNATURA, ESTUDIO_ID, ESTUDIO, CURSO_ID, CARACTER_ID, CARACTER, SEMESTRE_ID, COMUN, PORCENTAJE_COMUN, GRUPO_ID, TIPO_SUBGRUPO_ID, TIPO_SUBGRUPO, SUBGRUPO_ID, HORA_INICIO, HORA_FIN, TIPO_ASIGNATURA_ID, TIPO_ASIGNATURA, TIPO_ESTUDIO_ID, TIPO_ESTUDIO, PLAZAS, DETALLE_MANUAL, COMUN_TEXTO) Values   (6563, 'AE1005', 'Matemàtiques I (Matemàtiques)', 210, 'Grau en Administració d''Empreses', 1, 'TR', 'Troncal', 1, 1, 37.5, 'A', 'AV', 'Avaluació', 1, parsedatetime('07/13/2012 08:00:00', 'MM/dd/yyy HH:mm:ss'), parsedatetime('07/13/2012 10:00:00', 'MM/dd/yyy HH:mm:ss'), 'S', 'Semestral', 'G', 'Grau', 96, 0, 'AE1005 - ');
Insert into HOR_ITEMS   (ID, ASIGNATURA_ID, ASIGNATURA, ESTUDIO_ID, ESTUDIO, CURSO_ID, CARACTER_ID, CARACTER, SEMESTRE_ID, COMUN, PORCENTAJE_COMUN, GRUPO_ID, TIPO_SUBGRUPO_ID, TIPO_SUBGRUPO, SUBGRUPO_ID, DIA_SEMANA_ID, HORA_INICIO, HORA_FIN, DESDE_EL_DIA, TIPO_ASIGNATURA_ID, TIPO_ASIGNATURA, TIPO_ESTUDIO_ID, TIPO_ESTUDIO, PLAZAS, REPETIR_CADA_SEMANAS, NUMERO_ITERACIONES, DETALLE_MANUAL, COMUN_TEXTO) Values   (5873, 'AE1003', 'Matemàtica de les Operacions Financeres (Empresa)', 210, 'Grau en Administració d''Empreses', 1, 'TR', 'Troncal', 1, 1, 37, 'A', 'LA', 'Laboratori', 4, 3, parsedatetime('12/12/2012 13:30:00', 'MM/dd/yyy HH:mm:ss'), parsedatetime('12/12/2012 14:45:00', 'MM/dd/yyy HH:mm:ss'), parsedatetime('10/08/2012 00:00:00', 'MM/dd/yyy HH:mm:ss'), 'S', 'Semestral', 'G', 'Grau', 24, 3, 2, 0, 'AE1003 - ');
Insert into HOR_ITEMS   (ID, ASIGNATURA_ID, ASIGNATURA, ESTUDIO_ID, ESTUDIO, CURSO_ID, CARACTER_ID, CARACTER, SEMESTRE_ID, COMUN, PORCENTAJE_COMUN, GRUPO_ID, TIPO_SUBGRUPO_ID, TIPO_SUBGRUPO, SUBGRUPO_ID, DIA_SEMANA_ID, HORA_INICIO, HORA_FIN, TIPO_ASIGNATURA_ID, TIPO_ASIGNATURA, TIPO_ESTUDIO_ID, TIPO_ESTUDIO, PLAZAS, DETALLE_MANUAL, COMUN_TEXTO) Values   (5878, 'AE1003', 'Matemàtica de les Operacions Financeres (Empresa)', 210, 'Grau en Administració d''Empreses', 1, 'TR', 'Troncal', 1, 1, 37.5, 'A', 'LA', 'Laboratori', 2, 2, parsedatetime('10/30/2012 10:00:00', 'MM/dd/yyy HH:mm:ss'), parsedatetime('10/30/2012 11:00:00', 'MM/dd/yyy HH:mm:ss'), 'S', 'Semestral', 'G', 'Grau', 24, 0, 'AE1003 - ');
Insert into HOR_ITEMS   (ID, ASIGNATURA_ID, ASIGNATURA, ESTUDIO_ID, ESTUDIO, CURSO_ID, CARACTER_ID, CARACTER, SEMESTRE_ID, COMUN, PORCENTAJE_COMUN, GRUPO_ID, TIPO_SUBGRUPO_ID, TIPO_SUBGRUPO, SUBGRUPO_ID, DIA_SEMANA_ID, HORA_INICIO, HORA_FIN, TIPO_ASIGNATURA_ID, TIPO_ASIGNATURA, TIPO_ESTUDIO_ID, TIPO_ESTUDIO, PLAZAS, DETALLE_MANUAL, COMUN_TEXTO) Values   (5879, 'AE1003', 'Matemàtica de les Operacions Financeres (Empresa)', 210, 'Grau en Administració d''Empreses', 1, 'TR', 'Troncal', 1, 1, 37, 'A', 'LA', 'Laboratori', 1, 2, parsedatetime('12/11/2012 10:00:00', 'MM/dd/yyy HH:mm:ss'), parsedatetime('12/11/2012 11:00:00', 'MM/dd/yyy HH:mm:ss'), 'S', 'Semestral', 'G', 'Grau', 24, 0, 'AE1003 - ');
Insert into HOR_ITEMS   (ID, ASIGNATURA_ID, ASIGNATURA, ESTUDIO_ID, ESTUDIO, CURSO_ID, CARACTER_ID, CARACTER, SEMESTRE_ID, COMUN, PORCENTAJE_COMUN, GRUPO_ID, TIPO_SUBGRUPO_ID, TIPO_SUBGRUPO, SUBGRUPO_ID, DIA_SEMANA_ID, HORA_INICIO, HORA_FIN, TIPO_ASIGNATURA_ID, TIPO_ASIGNATURA, TIPO_ESTUDIO_ID, TIPO_ESTUDIO, PLAZAS, DETALLE_MANUAL, COMUN_TEXTO) Values   (5880, 'AE1003', 'Matemàtica de les Operacions Financeres (Empresa)', 210, 'Grau en Administració d''Empreses', 1, 'TR', 'Troncal', 1, 1, 37, 'A', 'LA', 'Laboratori', 1, 3, parsedatetime('12/12/2012 15:00:00', 'MM/dd/yyy HH:mm:ss'), parsedatetime('12/12/2012 16:00:00', 'MM/dd/yyy HH:mm:ss'), 'S', 'Semestral', 'G', 'Grau', 24, 0, 'AE1003 - ');
Insert into HOR_ITEMS   (ID, ASIGNATURA_ID, ASIGNATURA, ESTUDIO_ID, ESTUDIO, CURSO_ID, CARACTER_ID, CARACTER, SEMESTRE_ID, COMUN, PORCENTAJE_COMUN, GRUPO_ID, TIPO_SUBGRUPO_ID, TIPO_SUBGRUPO, SUBGRUPO_ID, HORA_INICIO, HORA_FIN, TIPO_ASIGNATURA_ID, TIPO_ASIGNATURA, TIPO_ESTUDIO_ID, TIPO_ESTUDIO, PLAZAS, DETALLE_MANUAL, COMUN_TEXTO) Values   (6571, 'AE1004', 'Introducció a la Microeconomia (Economia)', 210, 'Grau en Administració d''Empreses', 1, 'TR', 'Troncal', 1, 1, 37.5, 'A', 'AV', 'Avaluació', 1, parsedatetime('07/16/2012 08:00:00', 'MM/dd/yyy HH:mm:ss'), parsedatetime('07/16/2012 10:00:00', 'MM/dd/yyy HH:mm:ss'), 'S', 'Semestral', 'G', 'Grau', 96, 0, 'AE1004 - ');
Insert into HOR_ITEMS   (ID, ASIGNATURA_ID, ASIGNATURA, ESTUDIO_ID, ESTUDIO, CURSO_ID, CARACTER_ID, CARACTER, SEMESTRE_ID, COMUN, PORCENTAJE_COMUN, GRUPO_ID, TIPO_SUBGRUPO_ID, TIPO_SUBGRUPO, SUBGRUPO_ID, DIA_SEMANA_ID, HORA_INICIO, HORA_FIN, TIPO_ASIGNATURA_ID, TIPO_ASIGNATURA, TIPO_ESTUDIO_ID, TIPO_ESTUDIO, PLAZAS, REPETIR_CADA_SEMANAS, NUMERO_ITERACIONES, DETALLE_MANUAL, COMUN_TEXTO) Values   (6579, 'AE1003', 'Matemàtica de les Operacions Financeres (Empresa)', 210, 'Grau en Administració d''Empreses', 1, 'TR', 'Troncal', 1, 1, 37, 'A', 'AV', 'Avaluació', 1, 2, parsedatetime('11/27/2012 18:30:00', 'MM/dd/yyy HH:mm:ss'), parsedatetime('11/27/2012 19:00:00', 'MM/dd/yyy HH:mm:ss'), 'S', 'Semestral', 'G', 'Grau', 96, 2, 5, 0, 'AE1003 - ');
Insert into HOR_ITEMS   (ID, ASIGNATURA_ID, ASIGNATURA, ESTUDIO_ID, ESTUDIO, CURSO_ID, CARACTER_ID, CARACTER, SEMESTRE_ID, COMUN, PORCENTAJE_COMUN, GRUPO_ID, TIPO_SUBGRUPO_ID, TIPO_SUBGRUPO, SUBGRUPO_ID, DIA_SEMANA_ID, HORA_INICIO, HORA_FIN, TIPO_ASIGNATURA_ID, TIPO_ASIGNATURA, TIPO_ESTUDIO_ID, TIPO_ESTUDIO, PLAZAS, DETALLE_MANUAL, COMUN_TEXTO) Values   (6587, 'AE1002', 'Introducció a l''Administració d''Empreses (Empresa)', 210, 'Grau en Administració d''Empreses', 1, 'TR', 'Troncal', 1, 1, 37, 'A', 'AV', 'Avaluació', 1, 1, parsedatetime('11/08/2012 08:00:00', 'MM/dd/yyy HH:mm:ss'), parsedatetime('11/08/2012 10:00:00', 'MM/dd/yyy HH:mm:ss'), 'S', 'Semestral', 'G', 'Grau', 96, 0, 'AE1002 - ');
Insert into HOR_ITEMS   (ID, ASIGNATURA_ID, ASIGNATURA, ESTUDIO_ID, ESTUDIO, CURSO_ID, CARACTER_ID, CARACTER, SEMESTRE_ID, COMUN, PORCENTAJE_COMUN, GRUPO_ID, TIPO_SUBGRUPO_ID, TIPO_SUBGRUPO, SUBGRUPO_ID, DIA_SEMANA_ID, HORA_INICIO, HORA_FIN, TIPO_ASIGNATURA_ID, TIPO_ASIGNATURA, TIPO_ESTUDIO_ID, TIPO_ESTUDIO, PLAZAS, DETALLE_MANUAL, COMUN_TEXTO) Values   (6595, 'AE1001', 'Introducció a la Comptabilitat (Empresa)', 210, 'Grau en Administració d''Empreses', 1, 'TR', 'Troncal', 1, 1, 37.5, 'A', 'AV', 'Avaluació', 1, 1, parsedatetime('10/25/2012 08:00:00', 'MM/dd/yyy HH:mm:ss'), parsedatetime('10/25/2012 10:00:00', 'MM/dd/yyy HH:mm:ss'), 'S', 'Semestral', 'G', 'Grau', 96, 0, 'AE1001 - ');
Insert into HOR_ITEMS   (ID, ASIGNATURA_ID, ASIGNATURA, ESTUDIO_ID, ESTUDIO, CURSO_ID, CARACTER_ID, SEMESTRE_ID, COMUN, PORCENTAJE_COMUN, GRUPO_ID, TIPO_SUBGRUPO_ID, TIPO_SUBGRUPO, SUBGRUPO_ID, DIA_SEMANA_ID, HORA_INICIO, HORA_FIN, TIPO_ASIGNATURA_ID, TIPO_ASIGNATURA, TIPO_ESTUDIO_ID, TIPO_ESTUDIO, PLAZAS, DETALLE_MANUAL, COMUN_TEXTO) Values   (814763, 'AE1004', 'Introducció a la Microeconomia (Economia)', 210, 'Grau en Administració d''Empreses', 1, 'TR', 1, 1, 37, 'A', 'TE', 'Teoria', 1, 5, parsedatetime('12/14/2012 18:30:00', 'MM/dd/yyy HH:mm:ss'), parsedatetime('12/14/2012 19:30:00', 'MM/dd/yyy HH:mm:ss'), 'S', 'Semestral', 'Grau', 'Grau', 96, 0, 'AE1004 - ');
Insert into HOR_ITEMS   (ID, ASIGNATURA_ID, ASIGNATURA, ESTUDIO_ID, ESTUDIO, CURSO_ID, CARACTER_ID, SEMESTRE_ID, COMUN, PORCENTAJE_COMUN, GRUPO_ID, TIPO_SUBGRUPO_ID, TIPO_SUBGRUPO, SUBGRUPO_ID, DIA_SEMANA_ID, HORA_INICIO, HORA_FIN, TIPO_ASIGNATURA_ID, TIPO_ASIGNATURA, TIPO_ESTUDIO_ID, TIPO_ESTUDIO, PLAZAS, DETALLE_MANUAL, COMUN_TEXTO) Values   (814776, 'AE1002', 'Introducció a l''Administració d''Empreses (Empresa)', 210, 'Grau en Administració d''Empreses', 1, 'TR', 1, 1, 37.5, 'A', 'PR', 'Problemes', 1, 1, parsedatetime('07/23/2012 17:00:00', 'MM/dd/yyy HH:mm:ss'), parsedatetime('07/23/2012 18:15:00', 'MM/dd/yyy HH:mm:ss'), 'S', 'Semestral', 'Grau', 'Grau', 48, 0, 'AE1002 - ');
Insert into HOR_ITEMS   (ID, ASIGNATURA_ID, ASIGNATURA, ESTUDIO_ID, ESTUDIO, CURSO_ID, CARACTER_ID, CARACTER, SEMESTRE_ID, COMUN, PORCENTAJE_COMUN, GRUPO_ID, TIPO_SUBGRUPO_ID, TIPO_SUBGRUPO, SUBGRUPO_ID, DIA_SEMANA_ID, HORA_INICIO, HORA_FIN, TIPO_ASIGNATURA_ID, TIPO_ASIGNATURA, TIPO_ESTUDIO_ID, TIPO_ESTUDIO, PLAZAS, DETALLE_MANUAL, COMUN_TEXTO) Values   (1046, 'AE1006', 'Introducció a la Macroeconomia (Economia)', 210, 'Grau en Administració d''Empreses', 1, 'TR', 'Troncal', 2, 1, 37.5, 'A', 'TU', 'Tutories', 1, 1, parsedatetime('01/01/0001 14:30:00', 'MM/dd/yyy HH:mm:ss'), parsedatetime('01/01/0001 15:30:00', 'MM/dd/yyy HH:mm:ss'), 'S', 'Semestral', 'G', 'Grau', 24, 0, 'AE1006 - ');
Insert into HOR_ITEMS   (ID, ASIGNATURA_ID, ASIGNATURA, ESTUDIO_ID, ESTUDIO, CURSO_ID, CARACTER_ID, CARACTER, SEMESTRE_ID, COMUN, PORCENTAJE_COMUN, GRUPO_ID, TIPO_SUBGRUPO_ID, TIPO_SUBGRUPO, SUBGRUPO_ID, DIA_SEMANA_ID, HORA_INICIO, HORA_FIN, TIPO_ASIGNATURA_ID, TIPO_ASIGNATURA, TIPO_ESTUDIO_ID, TIPO_ESTUDIO, PLAZAS, DETALLE_MANUAL, COMUN_TEXTO) Values   (2751, 'AE1005', 'Matemàtiques I (Matemàtiques)', 210, 'Grau en Administració d''Empreses', 1, 'TR', 'Troncal', 1, 1, 37, 'A', 'TE', 'Teoria', 1, 5, parsedatetime('12/14/2012 17:00:00', 'MM/dd/yyy HH:mm:ss'), parsedatetime('12/14/2012 18:00:00', 'MM/dd/yyy HH:mm:ss'), 'S', 'Semestral', 'G', 'Grau', 96, 0, 'AE1005 - ');
Insert into HOR_ITEMS   (ID, ASIGNATURA_ID, ASIGNATURA, ESTUDIO_ID, ESTUDIO, CURSO_ID, CARACTER_ID, CARACTER, SEMESTRE_ID, COMUN, PORCENTAJE_COMUN, GRUPO_ID, TIPO_SUBGRUPO_ID, TIPO_SUBGRUPO, SUBGRUPO_ID, DIA_SEMANA_ID, HORA_INICIO, HORA_FIN, TIPO_ASIGNATURA_ID, TIPO_ASIGNATURA, TIPO_ESTUDIO_ID, TIPO_ESTUDIO, PLAZAS, DETALLE_MANUAL, COMUN_TEXTO) Values   (4390, 'AE1007', 'Matemàtiques II (Matemàtiques)', 210, 'Grau en Administració d''Empreses', 1, 'TR', 'Troncal', 2, 1, 37.5, 'A', 'PR', 'Problemes', 1, 3, parsedatetime('01/01/0001 11:30:00', 'MM/dd/yyy HH:mm:ss'), parsedatetime('01/01/0001 13:30:00', 'MM/dd/yyy HH:mm:ss'), 'S', 'Semestral', 'G', 'Grau', 48, 0, 'AE1007 - ');
Insert into HOR_ITEMS   (ID, ASIGNATURA_ID, ASIGNATURA, ESTUDIO_ID, ESTUDIO, CURSO_ID, CARACTER_ID, CARACTER, SEMESTRE_ID, COMUN, PORCENTAJE_COMUN, GRUPO_ID, TIPO_SUBGRUPO_ID, TIPO_SUBGRUPO, SUBGRUPO_ID, DIA_SEMANA_ID, HORA_INICIO, HORA_FIN, TIPO_ASIGNATURA_ID, TIPO_ASIGNATURA, TIPO_ESTUDIO_ID, TIPO_ESTUDIO, PLAZAS, DETALLE_MANUAL, COMUN_TEXTO) Values   (834612, 'AE1003', 'Matemàtica de les Operacions Financeres (Empresa)', 210, 'Grau en Administració d''Empreses', 1, 'TR', 'Troncal', 1, 1, 37, 'A', 'TU', 'Tutories', 2, 4, parsedatetime('11/29/2012 12:00:00', 'MM/dd/yyy HH:mm:ss'), parsedatetime('11/29/2012 13:30:00', 'MM/dd/yyy HH:mm:ss'), 'S', 'Semestral', 'Grau', 'Grau', 24, 0, 'AE1003 - ');
Insert into HOR_ITEMS   (ID, ASIGNATURA_ID, ASIGNATURA, ESTUDIO_ID, ESTUDIO, CURSO_ID, CARACTER_ID, CARACTER, SEMESTRE_ID, COMUN, PORCENTAJE_COMUN, GRUPO_ID, TIPO_SUBGRUPO_ID, TIPO_SUBGRUPO, SUBGRUPO_ID, DIA_SEMANA_ID, HORA_INICIO, HORA_FIN, TIPO_ASIGNATURA_ID, TIPO_ASIGNATURA, TIPO_ESTUDIO_ID, TIPO_ESTUDIO, PLAZAS, DETALLE_MANUAL, COMUN_TEXTO) Values   (11976, 'AE1010', 'Introducció als Sistemes d''Informació de l''Empresa', 210, 'Grau en Administració d''Empreses', 1, 'OB', 'Obligatoria', 2, 1, 37.5, 'A', 'LA', 'Laboratori', 4, 5, parsedatetime('01/01/0001 13:30:00', 'MM/dd/yyy HH:mm:ss'), parsedatetime('01/01/0001 15:30:00', 'MM/dd/yyy HH:mm:ss'), 'S', 'Semestral', 'G', 'Grau', 24, 0, 'AE1010 - ');
Insert into HOR_ITEMS   (ID, ASIGNATURA_ID, ASIGNATURA, ESTUDIO_ID, ESTUDIO, CURSO_ID, CARACTER_ID, CARACTER, SEMESTRE_ID, COMUN, PORCENTAJE_COMUN, GRUPO_ID, TIPO_SUBGRUPO_ID, TIPO_SUBGRUPO, SUBGRUPO_ID, DIA_SEMANA_ID, HORA_INICIO, HORA_FIN, TIPO_ASIGNATURA_ID, TIPO_ASIGNATURA, TIPO_ESTUDIO_ID, TIPO_ESTUDIO, PLAZAS, DETALLE_MANUAL, COMUN_TEXTO) Values   (11977, 'AE1010', 'Introducció als Sistemes d''Informació de l''Empresa', 210, 'Grau en Administració d''Empreses', 1, 'OB', 'Obligatoria', 2, 1, 37.5, 'A', 'LA', 'Laboratori', 4, 5, parsedatetime('01/01/0001 11:30:00', 'MM/dd/yyy HH:mm:ss'), parsedatetime('01/01/0001 13:30:00', 'MM/dd/yyy HH:mm:ss'), 'S', 'Semestral', 'G', 'Grau', 24, 0, 'AE1010 - ');
Insert into HOR_ITEMS   (ID, ASIGNATURA_ID, ASIGNATURA, ESTUDIO_ID, ESTUDIO, CURSO_ID, CARACTER_ID, CARACTER, SEMESTRE_ID, COMUN, PORCENTAJE_COMUN, GRUPO_ID, TIPO_SUBGRUPO_ID, TIPO_SUBGRUPO, SUBGRUPO_ID, TIPO_ASIGNATURA_ID, TIPO_ASIGNATURA, TIPO_ESTUDIO_ID, TIPO_ESTUDIO, PLAZAS, DETALLE_MANUAL, COMUN_TEXTO) Values   (12674, 'AE1010', 'Introducció als Sistemes d''Informació de l''Empresa', 210, 'Grau en Administració d''Empreses', 1, 'OB', 'Obligatoria', 2, 1, 37.5, 'A', 'AV', 'Avaluació', 1, 'S', 'Semestral', 'G', 'Grau', 96, 0, 'AE1010 - ');
Insert into HOR_ITEMS   (ID, ASIGNATURA_ID, ASIGNATURA, ESTUDIO_ID, ESTUDIO, CURSO_ID, CARACTER_ID, CARACTER, SEMESTRE_ID, COMUN, PORCENTAJE_COMUN, GRUPO_ID, TIPO_SUBGRUPO_ID, TIPO_SUBGRUPO, SUBGRUPO_ID, TIPO_ASIGNATURA_ID, TIPO_ASIGNATURA, TIPO_ESTUDIO_ID, TIPO_ESTUDIO, PLAZAS, DETALLE_MANUAL, COMUN_TEXTO) Values   (10898, 'AE1010', 'Introducció als Sistemes d''Informació de l''Empresa', 210, 'Grau en Administració d''Empreses', 1, 'OB', 'Obligatoria', 2, 1, 37.5, 'A', 'PR', 'Problemes', 4, 'S', 'Semestral', 'G', 'Grau', 24, 0, 'AE1010 - ');
Insert into HOR_ITEMS   (ID, ASIGNATURA_ID, ASIGNATURA, ESTUDIO_ID, ESTUDIO, CURSO_ID, CARACTER_ID, CARACTER, SEMESTRE_ID, COMUN, PORCENTAJE_COMUN, GRUPO_ID, TIPO_SUBGRUPO_ID, TIPO_SUBGRUPO, SUBGRUPO_ID, TIPO_ASIGNATURA_ID, TIPO_ASIGNATURA, TIPO_ESTUDIO_ID, TIPO_ESTUDIO, PLAZAS, DETALLE_MANUAL, COMUN_TEXTO) Values   (10899, 'AE1010', 'Introducció als Sistemes d''Informació de l''Empresa', 210, 'Grau en Administració d''Empreses', 1, 'OB', 'Obligatoria', 2, 1, 37.5, 'A', 'PR', 'Problemes', 3, 'S', 'Semestral', 'G', 'Grau', 24, 0, 'AE1010 - ');
Insert into HOR_ITEMS   (ID, ASIGNATURA_ID, ASIGNATURA, ESTUDIO_ID, ESTUDIO, CURSO_ID, CARACTER_ID, CARACTER, SEMESTRE_ID, COMUN, PORCENTAJE_COMUN, GRUPO_ID, TIPO_SUBGRUPO_ID, TIPO_SUBGRUPO, SUBGRUPO_ID, TIPO_ASIGNATURA_ID, TIPO_ASIGNATURA, TIPO_ESTUDIO_ID, TIPO_ESTUDIO, PLAZAS, DETALLE_MANUAL, COMUN_TEXTO) Values   (10900, 'AE1010', 'Introducció als Sistemes d''Informació de l''Empresa', 210, 'Grau en Administració d''Empreses', 1, 'OB', 'Obligatoria', 2, 1, 37.5, 'A', 'PR', 'Problemes', 2, 'S', 'Semestral', 'G', 'Grau', 24, 0, 'AE1010 - ');
Insert into HOR_ITEMS   (ID, ASIGNATURA_ID, ASIGNATURA, ESTUDIO_ID, ESTUDIO, CURSO_ID, CARACTER_ID, CARACTER, SEMESTRE_ID, COMUN, PORCENTAJE_COMUN, GRUPO_ID, TIPO_SUBGRUPO_ID, TIPO_SUBGRUPO, SUBGRUPO_ID, TIPO_ASIGNATURA_ID, TIPO_ASIGNATURA, TIPO_ESTUDIO_ID, TIPO_ESTUDIO, PLAZAS, DETALLE_MANUAL, COMUN_TEXTO) Values   (10901, 'AE1010', 'Introducció als Sistemes d''Informació de l''Empresa', 210, 'Grau en Administració d''Empreses', 1, 'OB', 'Obligatoria', 2, 1, 37.5, 'A', 'PR', 'Problemes', 1, 'S', 'Semestral', 'G', 'Grau', 24, 0, 'AE1010 - ');
Insert into HOR_ITEMS   (ID, ASIGNATURA_ID, ASIGNATURA, ESTUDIO_ID, ESTUDIO, CURSO_ID, CARACTER_ID, CARACTER, SEMESTRE_ID, COMUN, PORCENTAJE_COMUN, GRUPO_ID, TIPO_SUBGRUPO_ID, TIPO_SUBGRUPO, SUBGRUPO_ID, DIA_SEMANA_ID, HORA_INICIO, HORA_FIN, TIPO_ASIGNATURA_ID, TIPO_ASIGNATURA, TIPO_ESTUDIO_ID, TIPO_ESTUDIO, PLAZAS, DETALLE_MANUAL, COMUN_TEXTO) Values   (11978, 'AE1010', 'Introducció als Sistemes d''Informació de l''Empresa', 210, 'Grau en Administració d''Empreses', 1, 'OB', 'Obligatoria', 2, 1, 37.5, 'A', 'LA', 'Laboratori', 3, 5, parsedatetime('01/01/0001 13:30:00', 'MM/dd/yyy HH:mm:ss'), parsedatetime('01/01/0001 15:30:00', 'MM/dd/yyy HH:mm:ss'), 'S', 'Semestral', 'G', 'Grau', 24, 0, 'AE1010 - ');
Insert into HOR_ITEMS   (ID, ASIGNATURA_ID, ASIGNATURA, ESTUDIO_ID, ESTUDIO, CURSO_ID, CARACTER_ID, CARACTER, SEMESTRE_ID, COMUN, PORCENTAJE_COMUN, GRUPO_ID, TIPO_SUBGRUPO_ID, TIPO_SUBGRUPO, SUBGRUPO_ID, DIA_SEMANA_ID, HORA_INICIO, HORA_FIN, TIPO_ASIGNATURA_ID, TIPO_ASIGNATURA, TIPO_ESTUDIO_ID, TIPO_ESTUDIO, PLAZAS, DETALLE_MANUAL, COMUN_TEXTO) Values   (11979, 'AE1010', 'Introducció als Sistemes d''Informació de l''Empresa', 210, 'Grau en Administració d''Empreses', 1, 'OB', 'Obligatoria', 2, 1, 37.5, 'A', 'LA', 'Laboratori', 3, 5, parsedatetime('01/01/0001 11:30:00', 'MM/dd/yyy HH:mm:ss'), parsedatetime('01/01/0001 13:30:00', 'MM/dd/yyy HH:mm:ss'), 'S', 'Semestral', 'G', 'Grau', 24, 0, 'AE1010 - ');
Insert into HOR_ITEMS   (ID, ASIGNATURA_ID, ASIGNATURA, ESTUDIO_ID, ESTUDIO, CURSO_ID, CARACTER_ID, CARACTER, SEMESTRE_ID, COMUN, PORCENTAJE_COMUN, GRUPO_ID, TIPO_SUBGRUPO_ID, TIPO_SUBGRUPO, SUBGRUPO_ID, DIA_SEMANA_ID, HORA_INICIO, HORA_FIN, TIPO_ASIGNATURA_ID, TIPO_ASIGNATURA, TIPO_ESTUDIO_ID, TIPO_ESTUDIO, PLAZAS, DETALLE_MANUAL, COMUN_TEXTO) Values   (11980, 'AE1010', 'Introducció als Sistemes d''Informació de l''Empresa', 210, 'Grau en Administració d''Empreses', 1, 'OB', 'Obligatoria', 2, 1, 37.5, 'A', 'LA', 'Laboratori', 2, 5, parsedatetime('01/01/0001 11:30:00', 'MM/dd/yyy HH:mm:ss'), parsedatetime('01/01/0001 13:30:00', 'MM/dd/yyy HH:mm:ss'), 'S', 'Semestral', 'G', 'Grau', 24, 0, 'AE1010 - ');
Insert into HOR_ITEMS   (ID, ASIGNATURA_ID, ASIGNATURA, ESTUDIO_ID, ESTUDIO, CURSO_ID, CARACTER_ID, CARACTER, SEMESTRE_ID, COMUN, PORCENTAJE_COMUN, GRUPO_ID, TIPO_SUBGRUPO_ID, TIPO_SUBGRUPO, SUBGRUPO_ID, DIA_SEMANA_ID, HORA_INICIO, HORA_FIN, TIPO_ASIGNATURA_ID, TIPO_ASIGNATURA, TIPO_ESTUDIO_ID, TIPO_ESTUDIO, PLAZAS, DETALLE_MANUAL, COMUN_TEXTO) Values   (11981, 'AE1010', 'Introducció als Sistemes d''Informació de l''Empresa', 210, 'Grau en Administració d''Empreses', 1, 'OB', 'Obligatoria', 2, 1, 37.5, 'A', 'LA', 'Laboratori', 1, 5, parsedatetime('01/01/0001 11:30:00', 'MM/dd/yyy HH:mm:ss'), parsedatetime('01/01/0001 13:30:00', 'MM/dd/yyy HH:mm:ss'), 'S', 'Semestral', 'G', 'Grau', 24, 0, 'AE1010 - ');


----SQL Statement which produced this data:
--  select d.* from hor_items i, hor_items_detalle d where d.item_id = i.id and i.estudio_id = 210 and i.curso_id = 1 and i.grupo_id = 'A' and i.semestre_id = 1


Insert into HOR_ITEMS_DETALLE   (ID, ITEM_ID, INICIO, FIN, DESCRIPCION) Values   (834277, 1093, parsedatetime('10/01/2012 10:00:00', 'MM/dd/yyy HH:mm:ss'), parsedatetime('10/01/2012 12:00:00', 'MM/dd/yyy HH:mm:ss'), NULL);
Insert into HOR_ITEMS_DETALLE   (ID, ITEM_ID, INICIO, FIN, DESCRIPCION) Values   (834278, 1093, parsedatetime('10/08/2012 10:00:00', 'MM/dd/yyy HH:mm:ss'), parsedatetime('10/08/2012 12:00:00', 'MM/dd/yyy HH:mm:ss'), NULL);
Insert into HOR_ITEMS_DETALLE   (ID, ITEM_ID, INICIO, FIN, DESCRIPCION) Values   (834279, 1093, parsedatetime('10/15/2012 10:00:00', 'MM/dd/yyy HH:mm:ss'), parsedatetime('10/15/2012 12:00:00', 'MM/dd/yyy HH:mm:ss'), NULL);
Insert into HOR_ITEMS_DETALLE   (ID, ITEM_ID, INICIO, FIN, DESCRIPCION) Values   (834276, 1093, parsedatetime('09/24/2012 10:00:00', 'MM/dd/yyy HH:mm:ss'), parsedatetime('09/24/2012 12:00:00', 'MM/dd/yyy HH:mm:ss'), NULL);
Insert into HOR_ITEMS_DETALLE   (ID, ITEM_ID, INICIO, FIN, DESCRIPCION) Values   (834280, 1093, parsedatetime('10/22/2012 10:00:00', 'MM/dd/yyy HH:mm:ss'), parsedatetime('10/22/2012 12:00:00', 'MM/dd/yyy HH:mm:ss'), NULL);
Insert into HOR_ITEMS_DETALLE   (ID, ITEM_ID, INICIO, FIN, DESCRIPCION) Values   (834281, 1093, parsedatetime('10/29/2012 10:00:00', 'MM/dd/yyy HH:mm:ss'), parsedatetime('10/29/2012 12:00:00', 'MM/dd/yyy HH:mm:ss'), NULL);
Insert into HOR_ITEMS_DETALLE   (ID, ITEM_ID, INICIO, FIN, DESCRIPCION) Values   (834282, 1093, parsedatetime('11/05/2012 10:00:00', 'MM/dd/yyy HH:mm:ss'), parsedatetime('11/05/2012 12:00:00', 'MM/dd/yyy HH:mm:ss'), NULL);
Insert into HOR_ITEMS_DETALLE   (ID, ITEM_ID, INICIO, FIN, DESCRIPCION) Values   (834283, 1093, parsedatetime('11/12/2012 10:00:00', 'MM/dd/yyy HH:mm:ss'), parsedatetime('11/12/2012 12:00:00', 'MM/dd/yyy HH:mm:ss'), NULL);
Insert into HOR_ITEMS_DETALLE   (ID, ITEM_ID, INICIO, FIN, DESCRIPCION) Values   (834284, 1093, parsedatetime('11/19/2012 10:00:00', 'MM/dd/yyy HH:mm:ss'), parsedatetime('11/19/2012 12:00:00', 'MM/dd/yyy HH:mm:ss'), NULL);
Insert into HOR_ITEMS_DETALLE   (ID, ITEM_ID, INICIO, FIN, DESCRIPCION) Values   (834285, 1093, parsedatetime('11/26/2012 10:00:00', 'MM/dd/yyy HH:mm:ss'), parsedatetime('11/26/2012 12:00:00', 'MM/dd/yyy HH:mm:ss'), NULL);
Insert into HOR_ITEMS_DETALLE   (ID, ITEM_ID, INICIO, FIN, DESCRIPCION) Values   (834286, 1093, parsedatetime('12/03/2012 10:00:00', 'MM/dd/yyy HH:mm:ss'), parsedatetime('12/03/2012 12:00:00', 'MM/dd/yyy HH:mm:ss'), NULL);
Insert into HOR_ITEMS_DETALLE   (ID, ITEM_ID, INICIO, FIN, DESCRIPCION) Values   (834287, 1093, parsedatetime('12/10/2012 10:00:00', 'MM/dd/yyy HH:mm:ss'), parsedatetime('12/10/2012 12:00:00', 'MM/dd/yyy HH:mm:ss'), NULL);
Insert into HOR_ITEMS_DETALLE   (ID, ITEM_ID, INICIO, FIN, DESCRIPCION) Values   (834288, 1093, parsedatetime('12/17/2012 10:00:00', 'MM/dd/yyy HH:mm:ss'), parsedatetime('12/17/2012 12:00:00', 'MM/dd/yyy HH:mm:ss'), NULL);
Insert into HOR_ITEMS_DETALLE   (ID, ITEM_ID, INICIO, FIN, DESCRIPCION) Values   (20878, 6595, parsedatetime('09/24/2012 08:00:00', 'MM/dd/yyy HH:mm:ss'), parsedatetime('09/24/2012 10:00:00', 'MM/dd/yyy HH:mm:ss'), NULL);
Insert into HOR_ITEMS_DETALLE   (ID, ITEM_ID, INICIO, FIN, DESCRIPCION) Values   (20879, 6595, parsedatetime('10/01/2012 08:00:00', 'MM/dd/yyy HH:mm:ss'), parsedatetime('10/01/2012 10:00:00', 'MM/dd/yyy HH:mm:ss'), NULL);
Insert into HOR_ITEMS_DETALLE   (ID, ITEM_ID, INICIO, FIN, DESCRIPCION) Values   (20880, 6595, parsedatetime('10/08/2012 08:00:00', 'MM/dd/yyy HH:mm:ss'), parsedatetime('10/08/2012 10:00:00', 'MM/dd/yyy HH:mm:ss'), NULL);
Insert into HOR_ITEMS_DETALLE   (ID, ITEM_ID, INICIO, FIN, DESCRIPCION) Values   (20881, 6595, parsedatetime('10/15/2012 08:00:00', 'MM/dd/yyy HH:mm:ss'), parsedatetime('10/15/2012 10:00:00', 'MM/dd/yyy HH:mm:ss'), NULL);
Insert into HOR_ITEMS_DETALLE   (ID, ITEM_ID, INICIO, FIN, DESCRIPCION) Values   (20882, 6595, parsedatetime('10/22/2012 08:00:00', 'MM/dd/yyy HH:mm:ss'), parsedatetime('10/22/2012 10:00:00', 'MM/dd/yyy HH:mm:ss'), NULL);
Insert into HOR_ITEMS_DETALLE   (ID, ITEM_ID, INICIO, FIN, DESCRIPCION) Values   (20883, 6595, parsedatetime('10/29/2012 08:00:00', 'MM/dd/yyy HH:mm:ss'), parsedatetime('10/29/2012 10:00:00', 'MM/dd/yyy HH:mm:ss'), NULL);
Insert into HOR_ITEMS_DETALLE   (ID, ITEM_ID, INICIO, FIN, DESCRIPCION) Values   (20884, 6595, parsedatetime('11/05/2012 08:00:00', 'MM/dd/yyy HH:mm:ss'), parsedatetime('11/05/2012 10:00:00', 'MM/dd/yyy HH:mm:ss'), NULL);
Insert into HOR_ITEMS_DETALLE   (ID, ITEM_ID, INICIO, FIN, DESCRIPCION) Values   (20885, 6595, parsedatetime('11/12/2012 08:00:00', 'MM/dd/yyy HH:mm:ss'), parsedatetime('11/12/2012 10:00:00', 'MM/dd/yyy HH:mm:ss'), NULL);
Insert into HOR_ITEMS_DETALLE   (ID, ITEM_ID, INICIO, FIN, DESCRIPCION) Values   (20886, 6595, parsedatetime('11/19/2012 08:00:00', 'MM/dd/yyy HH:mm:ss'), parsedatetime('11/19/2012 10:00:00', 'MM/dd/yyy HH:mm:ss'), NULL);
Insert into HOR_ITEMS_DETALLE   (ID, ITEM_ID, INICIO, FIN, DESCRIPCION) Values   (20887, 6595, parsedatetime('11/26/2012 08:00:00', 'MM/dd/yyy HH:mm:ss'), parsedatetime('11/26/2012 10:00:00', 'MM/dd/yyy HH:mm:ss'), NULL);
Insert into HOR_ITEMS_DETALLE   (ID, ITEM_ID, INICIO, FIN, DESCRIPCION) Values   (20888, 6595, parsedatetime('12/03/2012 08:00:00', 'MM/dd/yyy HH:mm:ss'), parsedatetime('12/03/2012 10:00:00', 'MM/dd/yyy HH:mm:ss'), NULL);
Insert into HOR_ITEMS_DETALLE   (ID, ITEM_ID, INICIO, FIN, DESCRIPCION) Values   (20889, 6595, parsedatetime('12/10/2012 08:00:00', 'MM/dd/yyy HH:mm:ss'), parsedatetime('12/10/2012 10:00:00', 'MM/dd/yyy HH:mm:ss'), NULL);
Insert into HOR_ITEMS_DETALLE   (ID, ITEM_ID, INICIO, FIN, DESCRIPCION) Values   (20890, 6595, parsedatetime('12/17/2012 08:00:00', 'MM/dd/yyy HH:mm:ss'), parsedatetime('12/17/2012 10:00:00', 'MM/dd/yyy HH:mm:ss'), NULL);
Insert into HOR_ITEMS_DETALLE   (ID, ITEM_ID, INICIO, FIN, DESCRIPCION) Values   (21831, 814776, parsedatetime('09/24/2012 17:00:00', 'MM/dd/yyy HH:mm:ss'), parsedatetime('09/24/2012 18:15:00', 'MM/dd/yyy HH:mm:ss'), NULL);
Insert into HOR_ITEMS_DETALLE   (ID, ITEM_ID, INICIO, FIN, DESCRIPCION) Values   (21832, 4508, parsedatetime('09/24/2012 17:00:00', 'MM/dd/yyy HH:mm:ss'), parsedatetime('09/24/2012 18:15:00', 'MM/dd/yyy HH:mm:ss'), NULL);
Insert into HOR_ITEMS_DETALLE   (ID, ITEM_ID, INICIO, FIN, DESCRIPCION) Values   (21833, 814776, parsedatetime('09/24/2012 17:00:00', 'MM/dd/yyy HH:mm:ss'), parsedatetime('09/24/2012 18:15:00', 'MM/dd/yyy HH:mm:ss'), NULL);
Insert into HOR_ITEMS_DETALLE   (ID, ITEM_ID, INICIO, FIN, DESCRIPCION) Values   (21834, 4508, parsedatetime('09/24/2012 17:00:00', 'MM/dd/yyy HH:mm:ss'), parsedatetime('09/24/2012 18:15:00', 'MM/dd/yyy HH:mm:ss'), NULL);
Insert into HOR_ITEMS_DETALLE   (ID, ITEM_ID, INICIO, FIN, DESCRIPCION) Values   (21835, 814776, parsedatetime('10/01/2012 17:00:00', 'MM/dd/yyy HH:mm:ss'), parsedatetime('10/01/2012 18:15:00', 'MM/dd/yyy HH:mm:ss'), NULL);
Insert into HOR_ITEMS_DETALLE   (ID, ITEM_ID, INICIO, FIN, DESCRIPCION) Values   (21836, 4508, parsedatetime('10/01/2012 17:00:00', 'MM/dd/yyy HH:mm:ss'), parsedatetime('10/01/2012 18:15:00', 'MM/dd/yyy HH:mm:ss'), NULL);
Insert into HOR_ITEMS_DETALLE   (ID, ITEM_ID, INICIO, FIN, DESCRIPCION) Values   (21837, 814776, parsedatetime('10/01/2012 17:00:00', 'MM/dd/yyy HH:mm:ss'), parsedatetime('10/01/2012 18:15:00', 'MM/dd/yyy HH:mm:ss'), NULL);
Insert into HOR_ITEMS_DETALLE   (ID, ITEM_ID, INICIO, FIN, DESCRIPCION) Values   (21838, 4508, parsedatetime('10/01/2012 17:00:00', 'MM/dd/yyy HH:mm:ss'), parsedatetime('10/01/2012 18:15:00', 'MM/dd/yyy HH:mm:ss'), NULL);
Insert into HOR_ITEMS_DETALLE   (ID, ITEM_ID, INICIO, FIN, DESCRIPCION) Values   (21839, 814776, parsedatetime('10/08/2012 17:00:00', 'MM/dd/yyy HH:mm:ss'), parsedatetime('10/08/2012 18:15:00', 'MM/dd/yyy HH:mm:ss'), NULL);
Insert into HOR_ITEMS_DETALLE   (ID, ITEM_ID, INICIO, FIN, DESCRIPCION) Values   (21840, 4508, parsedatetime('10/08/2012 17:00:00', 'MM/dd/yyy HH:mm:ss'), parsedatetime('10/08/2012 18:15:00', 'MM/dd/yyy HH:mm:ss'), NULL);
Insert into HOR_ITEMS_DETALLE   (ID, ITEM_ID, INICIO, FIN, DESCRIPCION) Values   (21841, 814776, parsedatetime('10/08/2012 17:00:00', 'MM/dd/yyy HH:mm:ss'), parsedatetime('10/08/2012 18:15:00', 'MM/dd/yyy HH:mm:ss'), NULL);
Insert into HOR_ITEMS_DETALLE   (ID, ITEM_ID, INICIO, FIN, DESCRIPCION) Values   (21842, 4508, parsedatetime('10/08/2012 17:00:00', 'MM/dd/yyy HH:mm:ss'), parsedatetime('10/08/2012 18:15:00', 'MM/dd/yyy HH:mm:ss'), NULL);
Insert into HOR_ITEMS_DETALLE   (ID, ITEM_ID, INICIO, FIN, DESCRIPCION) Values   (21843, 814776, parsedatetime('10/15/2012 17:00:00', 'MM/dd/yyy HH:mm:ss'), parsedatetime('10/15/2012 18:15:00', 'MM/dd/yyy HH:mm:ss'), NULL);
Insert into HOR_ITEMS_DETALLE   (ID, ITEM_ID, INICIO, FIN, DESCRIPCION) Values   (21844, 4508, parsedatetime('10/15/2012 17:00:00', 'MM/dd/yyy HH:mm:ss'), parsedatetime('10/15/2012 18:15:00', 'MM/dd/yyy HH:mm:ss'), NULL);
Insert into HOR_ITEMS_DETALLE   (ID, ITEM_ID, INICIO, FIN, DESCRIPCION) Values   (21845, 814776, parsedatetime('10/15/2012 17:00:00', 'MM/dd/yyy HH:mm:ss'), parsedatetime('10/15/2012 18:15:00', 'MM/dd/yyy HH:mm:ss'), NULL);
Insert into HOR_ITEMS_DETALLE   (ID, ITEM_ID, INICIO, FIN, DESCRIPCION) Values   (21846, 4508, parsedatetime('10/15/2012 17:00:00', 'MM/dd/yyy HH:mm:ss'), parsedatetime('10/15/2012 18:15:00', 'MM/dd/yyy HH:mm:ss'), NULL);
Insert into HOR_ITEMS_DETALLE   (ID, ITEM_ID, INICIO, FIN, DESCRIPCION) Values   (21847, 814776, parsedatetime('10/22/2012 17:00:00', 'MM/dd/yyy HH:mm:ss'), parsedatetime('10/22/2012 18:15:00', 'MM/dd/yyy HH:mm:ss'), NULL);
Insert into HOR_ITEMS_DETALLE   (ID, ITEM_ID, INICIO, FIN, DESCRIPCION) Values   (21848, 4508, parsedatetime('10/22/2012 17:00:00', 'MM/dd/yyy HH:mm:ss'), parsedatetime('10/22/2012 18:15:00', 'MM/dd/yyy HH:mm:ss'), NULL);
Insert into HOR_ITEMS_DETALLE   (ID, ITEM_ID, INICIO, FIN, DESCRIPCION) Values   (21849, 814776, parsedatetime('10/22/2012 17:00:00', 'MM/dd/yyy HH:mm:ss'), parsedatetime('10/22/2012 18:15:00', 'MM/dd/yyy HH:mm:ss'), NULL);
Insert into HOR_ITEMS_DETALLE   (ID, ITEM_ID, INICIO, FIN, DESCRIPCION) Values   (21850, 4508, parsedatetime('10/22/2012 17:00:00', 'MM/dd/yyy HH:mm:ss'), parsedatetime('10/22/2012 18:15:00', 'MM/dd/yyy HH:mm:ss'), NULL);
Insert into HOR_ITEMS_DETALLE   (ID, ITEM_ID, INICIO, FIN, DESCRIPCION) Values   (21851, 814776, parsedatetime('10/29/2012 17:00:00', 'MM/dd/yyy HH:mm:ss'), parsedatetime('10/29/2012 18:15:00', 'MM/dd/yyy HH:mm:ss'), NULL);
Insert into HOR_ITEMS_DETALLE   (ID, ITEM_ID, INICIO, FIN, DESCRIPCION) Values   (21852, 4508, parsedatetime('10/29/2012 17:00:00', 'MM/dd/yyy HH:mm:ss'), parsedatetime('10/29/2012 18:15:00', 'MM/dd/yyy HH:mm:ss'), NULL);
Insert into HOR_ITEMS_DETALLE   (ID, ITEM_ID, INICIO, FIN, DESCRIPCION) Values   (21853, 814776, parsedatetime('10/29/2012 17:00:00', 'MM/dd/yyy HH:mm:ss'), parsedatetime('10/29/2012 18:15:00', 'MM/dd/yyy HH:mm:ss'), NULL);
Insert into HOR_ITEMS_DETALLE   (ID, ITEM_ID, INICIO, FIN, DESCRIPCION) Values   (21854, 4508, parsedatetime('10/29/2012 17:00:00', 'MM/dd/yyy HH:mm:ss'), parsedatetime('10/29/2012 18:15:00', 'MM/dd/yyy HH:mm:ss'), NULL);
Insert into HOR_ITEMS_DETALLE   (ID, ITEM_ID, INICIO, FIN, DESCRIPCION) Values   (21855, 814776, parsedatetime('11/05/2012 17:00:00', 'MM/dd/yyy HH:mm:ss'), parsedatetime('11/05/2012 18:15:00', 'MM/dd/yyy HH:mm:ss'), NULL);
Insert into HOR_ITEMS_DETALLE   (ID, ITEM_ID, INICIO, FIN, DESCRIPCION) Values   (21856, 4508, parsedatetime('11/05/2012 17:00:00', 'MM/dd/yyy HH:mm:ss'), parsedatetime('11/05/2012 18:15:00', 'MM/dd/yyy HH:mm:ss'), NULL);
Insert into HOR_ITEMS_DETALLE   (ID, ITEM_ID, INICIO, FIN, DESCRIPCION) Values   (21857, 814776, parsedatetime('11/05/2012 17:00:00', 'MM/dd/yyy HH:mm:ss'), parsedatetime('11/05/2012 18:15:00', 'MM/dd/yyy HH:mm:ss'), NULL);
Insert into HOR_ITEMS_DETALLE   (ID, ITEM_ID, INICIO, FIN, DESCRIPCION) Values   (21858, 4508, parsedatetime('11/05/2012 17:00:00', 'MM/dd/yyy HH:mm:ss'), parsedatetime('11/05/2012 18:15:00', 'MM/dd/yyy HH:mm:ss'), NULL);
Insert into HOR_ITEMS_DETALLE   (ID, ITEM_ID, INICIO, FIN, DESCRIPCION) Values   (21859, 814776, parsedatetime('11/12/2012 17:00:00', 'MM/dd/yyy HH:mm:ss'), parsedatetime('11/12/2012 18:15:00', 'MM/dd/yyy HH:mm:ss'), NULL);
Insert into HOR_ITEMS_DETALLE   (ID, ITEM_ID, INICIO, FIN, DESCRIPCION) Values   (21860, 4508, parsedatetime('11/12/2012 17:00:00', 'MM/dd/yyy HH:mm:ss'), parsedatetime('11/12/2012 18:15:00', 'MM/dd/yyy HH:mm:ss'), NULL);
Insert into HOR_ITEMS_DETALLE   (ID, ITEM_ID, INICIO, FIN, DESCRIPCION) Values   (21861, 814776, parsedatetime('11/12/2012 17:00:00', 'MM/dd/yyy HH:mm:ss'), parsedatetime('11/12/2012 18:15:00', 'MM/dd/yyy HH:mm:ss'), NULL);
Insert into HOR_ITEMS_DETALLE   (ID, ITEM_ID, INICIO, FIN, DESCRIPCION) Values   (21862, 4508, parsedatetime('11/12/2012 17:00:00', 'MM/dd/yyy HH:mm:ss'), parsedatetime('11/12/2012 18:15:00', 'MM/dd/yyy HH:mm:ss'), NULL);
Insert into HOR_ITEMS_DETALLE   (ID, ITEM_ID, INICIO, FIN, DESCRIPCION) Values   (21863, 814776, parsedatetime('11/19/2012 17:00:00', 'MM/dd/yyy HH:mm:ss'), parsedatetime('11/19/2012 18:15:00', 'MM/dd/yyy HH:mm:ss'), NULL);
Insert into HOR_ITEMS_DETALLE   (ID, ITEM_ID, INICIO, FIN, DESCRIPCION) Values   (21864, 4508, parsedatetime('11/19/2012 17:00:00', 'MM/dd/yyy HH:mm:ss'), parsedatetime('11/19/2012 18:15:00', 'MM/dd/yyy HH:mm:ss'), NULL);
Insert into HOR_ITEMS_DETALLE   (ID, ITEM_ID, INICIO, FIN, DESCRIPCION) Values   (21865, 814776, parsedatetime('11/19/2012 17:00:00', 'MM/dd/yyy HH:mm:ss'), parsedatetime('11/19/2012 18:15:00', 'MM/dd/yyy HH:mm:ss'), NULL);
Insert into HOR_ITEMS_DETALLE   (ID, ITEM_ID, INICIO, FIN, DESCRIPCION) Values   (21866, 4508, parsedatetime('11/19/2012 17:00:00', 'MM/dd/yyy HH:mm:ss'), parsedatetime('11/19/2012 18:15:00', 'MM/dd/yyy HH:mm:ss'), NULL);
Insert into HOR_ITEMS_DETALLE   (ID, ITEM_ID, INICIO, FIN, DESCRIPCION) Values   (21867, 814776, parsedatetime('11/26/2012 17:00:00', 'MM/dd/yyy HH:mm:ss'), parsedatetime('11/26/2012 18:15:00', 'MM/dd/yyy HH:mm:ss'), NULL);
Insert into HOR_ITEMS_DETALLE   (ID, ITEM_ID, INICIO, FIN, DESCRIPCION) Values   (21868, 4508, parsedatetime('11/26/2012 17:00:00', 'MM/dd/yyy HH:mm:ss'), parsedatetime('11/26/2012 18:15:00', 'MM/dd/yyy HH:mm:ss'), NULL);
Insert into HOR_ITEMS_DETALLE   (ID, ITEM_ID, INICIO, FIN, DESCRIPCION) Values   (21869, 814776, parsedatetime('11/26/2012 17:00:00', 'MM/dd/yyy HH:mm:ss'), parsedatetime('11/26/2012 18:15:00', 'MM/dd/yyy HH:mm:ss'), NULL);
Insert into HOR_ITEMS_DETALLE   (ID, ITEM_ID, INICIO, FIN, DESCRIPCION) Values   (21870, 4508, parsedatetime('11/26/2012 17:00:00', 'MM/dd/yyy HH:mm:ss'), parsedatetime('11/26/2012 18:15:00', 'MM/dd/yyy HH:mm:ss'), NULL);
Insert into HOR_ITEMS_DETALLE   (ID, ITEM_ID, INICIO, FIN, DESCRIPCION) Values   (21871, 814776, parsedatetime('12/03/2012 17:00:00', 'MM/dd/yyy HH:mm:ss'), parsedatetime('12/03/2012 18:15:00', 'MM/dd/yyy HH:mm:ss'), NULL);
Insert into HOR_ITEMS_DETALLE   (ID, ITEM_ID, INICIO, FIN, DESCRIPCION) Values   (21872, 4508, parsedatetime('12/03/2012 17:00:00', 'MM/dd/yyy HH:mm:ss'), parsedatetime('12/03/2012 18:15:00', 'MM/dd/yyy HH:mm:ss'), NULL);
Insert into HOR_ITEMS_DETALLE   (ID, ITEM_ID, INICIO, FIN, DESCRIPCION) Values   (21873, 814776, parsedatetime('12/03/2012 17:00:00', 'MM/dd/yyy HH:mm:ss'), parsedatetime('12/03/2012 18:15:00', 'MM/dd/yyy HH:mm:ss'), NULL);
Insert into HOR_ITEMS_DETALLE   (ID, ITEM_ID, INICIO, FIN, DESCRIPCION) Values   (21874, 4508, parsedatetime('12/03/2012 17:00:00', 'MM/dd/yyy HH:mm:ss'), parsedatetime('12/03/2012 18:15:00', 'MM/dd/yyy HH:mm:ss'), NULL);
Insert into HOR_ITEMS_DETALLE   (ID, ITEM_ID, INICIO, FIN, DESCRIPCION) Values   (21875, 814776, parsedatetime('12/10/2012 17:00:00', 'MM/dd/yyy HH:mm:ss'), parsedatetime('12/10/2012 18:15:00', 'MM/dd/yyy HH:mm:ss'), NULL);
Insert into HOR_ITEMS_DETALLE   (ID, ITEM_ID, INICIO, FIN, DESCRIPCION) Values   (21876, 4508, parsedatetime('12/10/2012 17:00:00', 'MM/dd/yyy HH:mm:ss'), parsedatetime('12/10/2012 18:15:00', 'MM/dd/yyy HH:mm:ss'), NULL);
Insert into HOR_ITEMS_DETALLE   (ID, ITEM_ID, INICIO, FIN, DESCRIPCION) Values   (21877, 814776, parsedatetime('12/10/2012 17:00:00', 'MM/dd/yyy HH:mm:ss'), parsedatetime('12/10/2012 18:15:00', 'MM/dd/yyy HH:mm:ss'), NULL);
Insert into HOR_ITEMS_DETALLE   (ID, ITEM_ID, INICIO, FIN, DESCRIPCION) Values   (21878, 4508, parsedatetime('12/10/2012 17:00:00', 'MM/dd/yyy HH:mm:ss'), parsedatetime('12/10/2012 18:15:00', 'MM/dd/yyy HH:mm:ss'), NULL);
Insert into HOR_ITEMS_DETALLE   (ID, ITEM_ID, INICIO, FIN, DESCRIPCION) Values   (21879, 814776, parsedatetime('12/17/2012 17:00:00', 'MM/dd/yyy HH:mm:ss'), parsedatetime('12/17/2012 18:15:00', 'MM/dd/yyy HH:mm:ss'), NULL);
Insert into HOR_ITEMS_DETALLE   (ID, ITEM_ID, INICIO, FIN, DESCRIPCION) Values   (21880, 4508, parsedatetime('12/17/2012 17:00:00', 'MM/dd/yyy HH:mm:ss'), parsedatetime('12/17/2012 18:15:00', 'MM/dd/yyy HH:mm:ss'), NULL);
Insert into HOR_ITEMS_DETALLE   (ID, ITEM_ID, INICIO, FIN, DESCRIPCION) Values   (21881, 814776, parsedatetime('12/17/2012 17:00:00', 'MM/dd/yyy HH:mm:ss'), parsedatetime('12/17/2012 18:15:00', 'MM/dd/yyy HH:mm:ss'), NULL);
Insert into HOR_ITEMS_DETALLE   (ID, ITEM_ID, INICIO, FIN, DESCRIPCION) Values   (21882, 4508, parsedatetime('12/17/2012 17:00:00', 'MM/dd/yyy HH:mm:ss'), parsedatetime('12/17/2012 18:15:00', 'MM/dd/yyy HH:mm:ss'), NULL);
Insert into HOR_ITEMS_DETALLE   (ID, ITEM_ID, INICIO, FIN, DESCRIPCION) Values   (21884, 2794, parsedatetime('09/20/2012 09:00:00', 'MM/dd/yyy HH:mm:ss'), parsedatetime('09/20/2012 10:00:00', 'MM/dd/yyy HH:mm:ss'), NULL);
Insert into HOR_ITEMS_DETALLE   (ID, ITEM_ID, INICIO, FIN, DESCRIPCION) Values   (21886, 2794, parsedatetime('09/20/2012 09:00:00', 'MM/dd/yyy HH:mm:ss'), parsedatetime('09/20/2012 10:00:00', 'MM/dd/yyy HH:mm:ss'), NULL);
Insert into HOR_ITEMS_DETALLE   (ID, ITEM_ID, INICIO, FIN, DESCRIPCION) Values   (21888, 2794, parsedatetime('09/27/2012 09:00:00', 'MM/dd/yyy HH:mm:ss'), parsedatetime('09/27/2012 10:00:00', 'MM/dd/yyy HH:mm:ss'), NULL);
Insert into HOR_ITEMS_DETALLE   (ID, ITEM_ID, INICIO, FIN, DESCRIPCION) Values   (21890, 2794, parsedatetime('09/27/2012 09:00:00', 'MM/dd/yyy HH:mm:ss'), parsedatetime('09/27/2012 10:00:00', 'MM/dd/yyy HH:mm:ss'), NULL);
Insert into HOR_ITEMS_DETALLE   (ID, ITEM_ID, INICIO, FIN, DESCRIPCION) Values   (21892, 2794, parsedatetime('10/04/2012 09:00:00', 'MM/dd/yyy HH:mm:ss'), parsedatetime('10/04/2012 10:00:00', 'MM/dd/yyy HH:mm:ss'), NULL);
Insert into HOR_ITEMS_DETALLE   (ID, ITEM_ID, INICIO, FIN, DESCRIPCION) Values   (21894, 2794, parsedatetime('10/04/2012 09:00:00', 'MM/dd/yyy HH:mm:ss'), parsedatetime('10/04/2012 10:00:00', 'MM/dd/yyy HH:mm:ss'), NULL);
Insert into HOR_ITEMS_DETALLE   (ID, ITEM_ID, INICIO, FIN, DESCRIPCION) Values   (21896, 2794, parsedatetime('10/11/2012 09:00:00', 'MM/dd/yyy HH:mm:ss'), parsedatetime('10/11/2012 10:00:00', 'MM/dd/yyy HH:mm:ss'), NULL);
Insert into HOR_ITEMS_DETALLE   (ID, ITEM_ID, INICIO, FIN, DESCRIPCION) Values   (21898, 2794, parsedatetime('10/11/2012 09:00:00', 'MM/dd/yyy HH:mm:ss'), parsedatetime('10/11/2012 10:00:00', 'MM/dd/yyy HH:mm:ss'), NULL);
Insert into HOR_ITEMS_DETALLE   (ID, ITEM_ID, INICIO, FIN, DESCRIPCION) Values   (21900, 2794, parsedatetime('10/18/2012 09:00:00', 'MM/dd/yyy HH:mm:ss'), parsedatetime('10/18/2012 10:00:00', 'MM/dd/yyy HH:mm:ss'), NULL);
Insert into HOR_ITEMS_DETALLE   (ID, ITEM_ID, INICIO, FIN, DESCRIPCION) Values   (21902, 2794, parsedatetime('10/18/2012 09:00:00', 'MM/dd/yyy HH:mm:ss'), parsedatetime('10/18/2012 10:00:00', 'MM/dd/yyy HH:mm:ss'), NULL);
Insert into HOR_ITEMS_DETALLE   (ID, ITEM_ID, INICIO, FIN, DESCRIPCION) Values   (21904, 2794, parsedatetime('10/25/2012 09:00:00', 'MM/dd/yyy HH:mm:ss'), parsedatetime('10/25/2012 10:00:00', 'MM/dd/yyy HH:mm:ss'), NULL);
Insert into HOR_ITEMS_DETALLE   (ID, ITEM_ID, INICIO, FIN, DESCRIPCION) Values   (21906, 2794, parsedatetime('10/25/2012 09:00:00', 'MM/dd/yyy HH:mm:ss'), parsedatetime('10/25/2012 10:00:00', 'MM/dd/yyy HH:mm:ss'), NULL);
Insert into HOR_ITEMS_DETALLE   (ID, ITEM_ID, INICIO, FIN, DESCRIPCION) Values   (21908, 2794, parsedatetime('11/08/2012 09:00:00', 'MM/dd/yyy HH:mm:ss'), parsedatetime('11/08/2012 10:00:00', 'MM/dd/yyy HH:mm:ss'), NULL);
Insert into HOR_ITEMS_DETALLE   (ID, ITEM_ID, INICIO, FIN, DESCRIPCION) Values   (21910, 2794, parsedatetime('11/08/2012 09:00:00', 'MM/dd/yyy HH:mm:ss'), parsedatetime('11/08/2012 10:00:00', 'MM/dd/yyy HH:mm:ss'), NULL);
Insert into HOR_ITEMS_DETALLE   (ID, ITEM_ID, INICIO, FIN, DESCRIPCION) Values   (21912, 2794, parsedatetime('11/15/2012 09:00:00', 'MM/dd/yyy HH:mm:ss'), parsedatetime('11/15/2012 10:00:00', 'MM/dd/yyy HH:mm:ss'), NULL);
Insert into HOR_ITEMS_DETALLE   (ID, ITEM_ID, INICIO, FIN, DESCRIPCION) Values   (21914, 2794, parsedatetime('11/15/2012 09:00:00', 'MM/dd/yyy HH:mm:ss'), parsedatetime('11/15/2012 10:00:00', 'MM/dd/yyy HH:mm:ss'), NULL);
Insert into HOR_ITEMS_DETALLE   (ID, ITEM_ID, INICIO, FIN, DESCRIPCION) Values   (21916, 2794, parsedatetime('11/22/2012 09:00:00', 'MM/dd/yyy HH:mm:ss'), parsedatetime('11/22/2012 10:00:00', 'MM/dd/yyy HH:mm:ss'), NULL);
Insert into HOR_ITEMS_DETALLE   (ID, ITEM_ID, INICIO, FIN, DESCRIPCION) Values   (21918, 2794, parsedatetime('11/22/2012 09:00:00', 'MM/dd/yyy HH:mm:ss'), parsedatetime('11/22/2012 10:00:00', 'MM/dd/yyy HH:mm:ss'), NULL);
Insert into HOR_ITEMS_DETALLE   (ID, ITEM_ID, INICIO, FIN, DESCRIPCION) Values   (21920, 2794, parsedatetime('11/29/2012 09:00:00', 'MM/dd/yyy HH:mm:ss'), parsedatetime('11/29/2012 10:00:00', 'MM/dd/yyy HH:mm:ss'), NULL);
Insert into HOR_ITEMS_DETALLE   (ID, ITEM_ID, INICIO, FIN, DESCRIPCION) Values   (21922, 2794, parsedatetime('11/29/2012 09:00:00', 'MM/dd/yyy HH:mm:ss'), parsedatetime('11/29/2012 10:00:00', 'MM/dd/yyy HH:mm:ss'), NULL);
Insert into HOR_ITEMS_DETALLE   (ID, ITEM_ID, INICIO, FIN, DESCRIPCION) Values   (21924, 2794, parsedatetime('12/13/2012 09:00:00', 'MM/dd/yyy HH:mm:ss'), parsedatetime('12/13/2012 10:00:00', 'MM/dd/yyy HH:mm:ss'), NULL);
Insert into HOR_ITEMS_DETALLE   (ID, ITEM_ID, INICIO, FIN, DESCRIPCION) Values   (21926, 2794, parsedatetime('12/13/2012 09:00:00', 'MM/dd/yyy HH:mm:ss'), parsedatetime('12/13/2012 10:00:00', 'MM/dd/yyy HH:mm:ss'), NULL);
Insert into HOR_ITEMS_DETALLE   (ID, ITEM_ID, INICIO, FIN, DESCRIPCION) Values   (21928, 2794, parsedatetime('12/20/2012 09:00:00', 'MM/dd/yyy HH:mm:ss'), parsedatetime('12/20/2012 10:00:00', 'MM/dd/yyy HH:mm:ss'), NULL);
Insert into HOR_ITEMS_DETALLE   (ID, ITEM_ID, INICIO, FIN, DESCRIPCION) Values   (21930, 2794, parsedatetime('12/20/2012 09:00:00', 'MM/dd/yyy HH:mm:ss'), parsedatetime('12/20/2012 10:00:00', 'MM/dd/yyy HH:mm:ss'), NULL);
Insert into HOR_ITEMS_DETALLE   (ID, ITEM_ID, INICIO, FIN, DESCRIPCION) Values   (23472, 5878, parsedatetime('09/25/2012 10:00:00', 'MM/dd/yyy HH:mm:ss'), parsedatetime('09/25/2012 11:00:00', 'MM/dd/yyy HH:mm:ss'), NULL);
Insert into HOR_ITEMS_DETALLE   (ID, ITEM_ID, INICIO, FIN, DESCRIPCION) Values   (23473, 5878, parsedatetime('10/02/2012 10:00:00', 'MM/dd/yyy HH:mm:ss'), parsedatetime('10/02/2012 11:00:00', 'MM/dd/yyy HH:mm:ss'), NULL);
Insert into HOR_ITEMS_DETALLE   (ID, ITEM_ID, INICIO, FIN, DESCRIPCION) Values   (23474, 5878, parsedatetime('10/16/2012 10:00:00', 'MM/dd/yyy HH:mm:ss'), parsedatetime('10/16/2012 11:00:00', 'MM/dd/yyy HH:mm:ss'), NULL);
Insert into HOR_ITEMS_DETALLE   (ID, ITEM_ID, INICIO, FIN, DESCRIPCION) Values   (23475, 5878, parsedatetime('10/23/2012 10:00:00', 'MM/dd/yyy HH:mm:ss'), parsedatetime('10/23/2012 11:00:00', 'MM/dd/yyy HH:mm:ss'), NULL);
Insert into HOR_ITEMS_DETALLE   (ID, ITEM_ID, INICIO, FIN, DESCRIPCION) Values   (23476, 5878, parsedatetime('10/30/2012 10:00:00', 'MM/dd/yyy HH:mm:ss'), parsedatetime('10/30/2012 11:00:00', 'MM/dd/yyy HH:mm:ss'), NULL);
Insert into HOR_ITEMS_DETALLE   (ID, ITEM_ID, INICIO, FIN, DESCRIPCION) Values   (23477, 5878, parsedatetime('11/06/2012 10:00:00', 'MM/dd/yyy HH:mm:ss'), parsedatetime('11/06/2012 11:00:00', 'MM/dd/yyy HH:mm:ss'), NULL);
Insert into HOR_ITEMS_DETALLE   (ID, ITEM_ID, INICIO, FIN, DESCRIPCION) Values   (23478, 5878, parsedatetime('11/13/2012 10:00:00', 'MM/dd/yyy HH:mm:ss'), parsedatetime('11/13/2012 11:00:00', 'MM/dd/yyy HH:mm:ss'), NULL);
Insert into HOR_ITEMS_DETALLE   (ID, ITEM_ID, INICIO, FIN, DESCRIPCION) Values   (23479, 5878, parsedatetime('11/20/2012 10:00:00', 'MM/dd/yyy HH:mm:ss'), parsedatetime('11/20/2012 11:00:00', 'MM/dd/yyy HH:mm:ss'), NULL);
Insert into HOR_ITEMS_DETALLE   (ID, ITEM_ID, INICIO, FIN, DESCRIPCION) Values   (23480, 5878, parsedatetime('11/27/2012 10:00:00', 'MM/dd/yyy HH:mm:ss'), parsedatetime('11/27/2012 11:00:00', 'MM/dd/yyy HH:mm:ss'), NULL);
Insert into HOR_ITEMS_DETALLE   (ID, ITEM_ID, INICIO, FIN, DESCRIPCION) Values   (23481, 5878, parsedatetime('12/04/2012 10:00:00', 'MM/dd/yyy HH:mm:ss'), parsedatetime('12/04/2012 11:00:00', 'MM/dd/yyy HH:mm:ss'), NULL);
Insert into HOR_ITEMS_DETALLE   (ID, ITEM_ID, INICIO, FIN, DESCRIPCION) Values   (23482, 5878, parsedatetime('12/11/2012 10:00:00', 'MM/dd/yyy HH:mm:ss'), parsedatetime('12/11/2012 11:00:00', 'MM/dd/yyy HH:mm:ss'), NULL);
Insert into HOR_ITEMS_DETALLE   (ID, ITEM_ID, INICIO, FIN, DESCRIPCION) Values   (23483, 5878, parsedatetime('12/18/2012 10:00:00', 'MM/dd/yyy HH:mm:ss'), parsedatetime('12/18/2012 11:00:00', 'MM/dd/yyy HH:mm:ss'), NULL);
Insert into HOR_ITEMS_DETALLE   (ID, ITEM_ID, INICIO, FIN, DESCRIPCION) Values   (23499, 4484, parsedatetime('09/25/2012 11:30:00', 'MM/dd/yyy HH:mm:ss'), parsedatetime('09/25/2012 13:30:00', 'MM/dd/yyy HH:mm:ss'), NULL);
Insert into HOR_ITEMS_DETALLE   (ID, ITEM_ID, INICIO, FIN, DESCRIPCION) Values   (23500, 4484, parsedatetime('10/02/2012 11:30:00', 'MM/dd/yyy HH:mm:ss'), parsedatetime('10/02/2012 13:30:00', 'MM/dd/yyy HH:mm:ss'), NULL);
Insert into HOR_ITEMS_DETALLE   (ID, ITEM_ID, INICIO, FIN, DESCRIPCION) Values   (23501, 4484, parsedatetime('10/16/2012 11:30:00', 'MM/dd/yyy HH:mm:ss'), parsedatetime('10/16/2012 13:30:00', 'MM/dd/yyy HH:mm:ss'), NULL);
Insert into HOR_ITEMS_DETALLE   (ID, ITEM_ID, INICIO, FIN, DESCRIPCION) Values   (23502, 4484, parsedatetime('10/23/2012 11:30:00', 'MM/dd/yyy HH:mm:ss'), parsedatetime('10/23/2012 13:30:00', 'MM/dd/yyy HH:mm:ss'), NULL);
Insert into HOR_ITEMS_DETALLE   (ID, ITEM_ID, INICIO, FIN, DESCRIPCION) Values   (23503, 4484, parsedatetime('10/30/2012 11:30:00', 'MM/dd/yyy HH:mm:ss'), parsedatetime('10/30/2012 13:30:00', 'MM/dd/yyy HH:mm:ss'), NULL);
Insert into HOR_ITEMS_DETALLE   (ID, ITEM_ID, INICIO, FIN, DESCRIPCION) Values   (23504, 4484, parsedatetime('11/06/2012 11:30:00', 'MM/dd/yyy HH:mm:ss'), parsedatetime('11/06/2012 13:30:00', 'MM/dd/yyy HH:mm:ss'), NULL);
Insert into HOR_ITEMS_DETALLE   (ID, ITEM_ID, INICIO, FIN, DESCRIPCION) Values   (23505, 4484, parsedatetime('11/13/2012 11:30:00', 'MM/dd/yyy HH:mm:ss'), parsedatetime('11/13/2012 13:30:00', 'MM/dd/yyy HH:mm:ss'), NULL);
Insert into HOR_ITEMS_DETALLE   (ID, ITEM_ID, INICIO, FIN, DESCRIPCION) Values   (23506, 4484, parsedatetime('11/20/2012 11:30:00', 'MM/dd/yyy HH:mm:ss'), parsedatetime('11/20/2012 13:30:00', 'MM/dd/yyy HH:mm:ss'), NULL);
Insert into HOR_ITEMS_DETALLE   (ID, ITEM_ID, INICIO, FIN, DESCRIPCION) Values   (23507, 4484, parsedatetime('11/27/2012 11:30:00', 'MM/dd/yyy HH:mm:ss'), parsedatetime('11/27/2012 13:30:00', 'MM/dd/yyy HH:mm:ss'), NULL);
Insert into HOR_ITEMS_DETALLE   (ID, ITEM_ID, INICIO, FIN, DESCRIPCION) Values   (23508, 4484, parsedatetime('12/04/2012 11:30:00', 'MM/dd/yyy HH:mm:ss'), parsedatetime('12/04/2012 13:30:00', 'MM/dd/yyy HH:mm:ss'), NULL);
Insert into HOR_ITEMS_DETALLE   (ID, ITEM_ID, INICIO, FIN, DESCRIPCION) Values   (23509, 4484, parsedatetime('12/11/2012 11:30:00', 'MM/dd/yyy HH:mm:ss'), parsedatetime('12/11/2012 13:30:00', 'MM/dd/yyy HH:mm:ss'), NULL);
Insert into HOR_ITEMS_DETALLE   (ID, ITEM_ID, INICIO, FIN, DESCRIPCION) Values   (23510, 4484, parsedatetime('12/18/2012 11:30:00', 'MM/dd/yyy HH:mm:ss'), parsedatetime('12/18/2012 13:30:00', 'MM/dd/yyy HH:mm:ss'), NULL);
Insert into HOR_ITEMS_DETALLE   (ID, ITEM_ID, INICIO, FIN, DESCRIPCION) Values   (24791, 5840, parsedatetime('09/26/2012 11:30:00', 'MM/dd/yyy HH:mm:ss'), parsedatetime('09/26/2012 13:30:00', 'MM/dd/yyy HH:mm:ss'), NULL);
Insert into HOR_ITEMS_DETALLE   (ID, ITEM_ID, INICIO, FIN, DESCRIPCION) Values   (24792, 5840, parsedatetime('10/03/2012 11:30:00', 'MM/dd/yyy HH:mm:ss'), parsedatetime('10/03/2012 13:30:00', 'MM/dd/yyy HH:mm:ss'), NULL);
Insert into HOR_ITEMS_DETALLE   (ID, ITEM_ID, INICIO, FIN, DESCRIPCION) Values   (24793, 5840, parsedatetime('10/10/2012 11:30:00', 'MM/dd/yyy HH:mm:ss'), parsedatetime('10/10/2012 13:30:00', 'MM/dd/yyy HH:mm:ss'), NULL);
Insert into HOR_ITEMS_DETALLE   (ID, ITEM_ID, INICIO, FIN, DESCRIPCION) Values   (24794, 5840, parsedatetime('10/17/2012 11:30:00', 'MM/dd/yyy HH:mm:ss'), parsedatetime('10/17/2012 13:30:00', 'MM/dd/yyy HH:mm:ss'), NULL);
Insert into HOR_ITEMS_DETALLE   (ID, ITEM_ID, INICIO, FIN, DESCRIPCION) Values   (24795, 5840, parsedatetime('10/24/2012 11:30:00', 'MM/dd/yyy HH:mm:ss'), parsedatetime('10/24/2012 13:30:00', 'MM/dd/yyy HH:mm:ss'), NULL);
Insert into HOR_ITEMS_DETALLE   (ID, ITEM_ID, INICIO, FIN, DESCRIPCION) Values   (24796, 5840, parsedatetime('10/31/2012 11:30:00', 'MM/dd/yyy HH:mm:ss'), parsedatetime('10/31/2012 13:30:00', 'MM/dd/yyy HH:mm:ss'), NULL);
Insert into HOR_ITEMS_DETALLE   (ID, ITEM_ID, INICIO, FIN, DESCRIPCION) Values   (24797, 5840, parsedatetime('11/07/2012 11:30:00', 'MM/dd/yyy HH:mm:ss'), parsedatetime('11/07/2012 13:30:00', 'MM/dd/yyy HH:mm:ss'), NULL);
Insert into HOR_ITEMS_DETALLE   (ID, ITEM_ID, INICIO, FIN, DESCRIPCION) Values   (24798, 5840, parsedatetime('11/14/2012 11:30:00', 'MM/dd/yyy HH:mm:ss'), parsedatetime('11/14/2012 13:30:00', 'MM/dd/yyy HH:mm:ss'), NULL);
Insert into HOR_ITEMS_DETALLE   (ID, ITEM_ID, INICIO, FIN, DESCRIPCION) Values   (24799, 5840, parsedatetime('11/21/2012 11:30:00', 'MM/dd/yyy HH:mm:ss'), parsedatetime('11/21/2012 13:30:00', 'MM/dd/yyy HH:mm:ss'), NULL);
Insert into HOR_ITEMS_DETALLE   (ID, ITEM_ID, INICIO, FIN, DESCRIPCION) Values   (24800, 5840, parsedatetime('11/28/2012 11:30:00', 'MM/dd/yyy HH:mm:ss'), parsedatetime('11/28/2012 13:30:00', 'MM/dd/yyy HH:mm:ss'), NULL);
Insert into HOR_ITEMS_DETALLE   (ID, ITEM_ID, INICIO, FIN, DESCRIPCION) Values   (24801, 5840, parsedatetime('12/05/2012 11:30:00', 'MM/dd/yyy HH:mm:ss'), parsedatetime('12/05/2012 13:30:00', 'MM/dd/yyy HH:mm:ss'), NULL);
Insert into HOR_ITEMS_DETALLE   (ID, ITEM_ID, INICIO, FIN, DESCRIPCION) Values   (24802, 5840, parsedatetime('12/12/2012 11:30:00', 'MM/dd/yyy HH:mm:ss'), parsedatetime('12/12/2012 13:30:00', 'MM/dd/yyy HH:mm:ss'), NULL);
Insert into HOR_ITEMS_DETALLE   (ID, ITEM_ID, INICIO, FIN, DESCRIPCION) Values   (24803, 5840, parsedatetime('12/19/2012 11:30:00', 'MM/dd/yyy HH:mm:ss'), parsedatetime('12/19/2012 13:30:00', 'MM/dd/yyy HH:mm:ss'), NULL);
Insert into HOR_ITEMS_DETALLE   (ID, ITEM_ID, INICIO, FIN, DESCRIPCION) Values   (24804, 5839, parsedatetime('09/26/2012 11:30:00', 'MM/dd/yyy HH:mm:ss'), parsedatetime('09/26/2012 13:30:00', 'MM/dd/yyy HH:mm:ss'), NULL);
Insert into HOR_ITEMS_DETALLE   (ID, ITEM_ID, INICIO, FIN, DESCRIPCION) Values   (24805, 5839, parsedatetime('10/03/2012 11:30:00', 'MM/dd/yyy HH:mm:ss'), parsedatetime('10/03/2012 13:30:00', 'MM/dd/yyy HH:mm:ss'), NULL);
Insert into HOR_ITEMS_DETALLE   (ID, ITEM_ID, INICIO, FIN, DESCRIPCION) Values   (24806, 5839, parsedatetime('10/10/2012 11:30:00', 'MM/dd/yyy HH:mm:ss'), parsedatetime('10/10/2012 13:30:00', 'MM/dd/yyy HH:mm:ss'), NULL);
Insert into HOR_ITEMS_DETALLE   (ID, ITEM_ID, INICIO, FIN, DESCRIPCION) Values   (24807, 5839, parsedatetime('10/17/2012 11:30:00', 'MM/dd/yyy HH:mm:ss'), parsedatetime('10/17/2012 13:30:00', 'MM/dd/yyy HH:mm:ss'), NULL);
Insert into HOR_ITEMS_DETALLE   (ID, ITEM_ID, INICIO, FIN, DESCRIPCION) Values   (24808, 5839, parsedatetime('10/24/2012 11:30:00', 'MM/dd/yyy HH:mm:ss'), parsedatetime('10/24/2012 13:30:00', 'MM/dd/yyy HH:mm:ss'), NULL);
Insert into HOR_ITEMS_DETALLE   (ID, ITEM_ID, INICIO, FIN, DESCRIPCION) Values   (24809, 5839, parsedatetime('10/31/2012 11:30:00', 'MM/dd/yyy HH:mm:ss'), parsedatetime('10/31/2012 13:30:00', 'MM/dd/yyy HH:mm:ss'), NULL);
Insert into HOR_ITEMS_DETALLE   (ID, ITEM_ID, INICIO, FIN, DESCRIPCION) Values   (24810, 5839, parsedatetime('11/07/2012 11:30:00', 'MM/dd/yyy HH:mm:ss'), parsedatetime('11/07/2012 13:30:00', 'MM/dd/yyy HH:mm:ss'), NULL);
Insert into HOR_ITEMS_DETALLE   (ID, ITEM_ID, INICIO, FIN, DESCRIPCION) Values   (24811, 5839, parsedatetime('11/14/2012 11:30:00', 'MM/dd/yyy HH:mm:ss'), parsedatetime('11/14/2012 13:30:00', 'MM/dd/yyy HH:mm:ss'), NULL);
Insert into HOR_ITEMS_DETALLE   (ID, ITEM_ID, INICIO, FIN, DESCRIPCION) Values   (24812, 5839, parsedatetime('11/21/2012 11:30:00', 'MM/dd/yyy HH:mm:ss'), parsedatetime('11/21/2012 13:30:00', 'MM/dd/yyy HH:mm:ss'), NULL);
Insert into HOR_ITEMS_DETALLE   (ID, ITEM_ID, INICIO, FIN, DESCRIPCION) Values   (24813, 5839, parsedatetime('11/28/2012 11:30:00', 'MM/dd/yyy HH:mm:ss'), parsedatetime('11/28/2012 13:30:00', 'MM/dd/yyy HH:mm:ss'), NULL);
Insert into HOR_ITEMS_DETALLE   (ID, ITEM_ID, INICIO, FIN, DESCRIPCION) Values   (24814, 5839, parsedatetime('12/05/2012 11:30:00', 'MM/dd/yyy HH:mm:ss'), parsedatetime('12/05/2012 13:30:00', 'MM/dd/yyy HH:mm:ss'), NULL);
Insert into HOR_ITEMS_DETALLE   (ID, ITEM_ID, INICIO, FIN, DESCRIPCION) Values   (24815, 5839, parsedatetime('12/12/2012 11:30:00', 'MM/dd/yyy HH:mm:ss'), parsedatetime('12/12/2012 13:30:00', 'MM/dd/yyy HH:mm:ss'), NULL);
Insert into HOR_ITEMS_DETALLE   (ID, ITEM_ID, INICIO, FIN, DESCRIPCION) Values   (24816, 5839, parsedatetime('12/19/2012 11:30:00', 'MM/dd/yyy HH:mm:ss'), parsedatetime('12/19/2012 13:30:00', 'MM/dd/yyy HH:mm:ss'), NULL);
Insert into HOR_ITEMS_DETALLE   (ID, ITEM_ID, INICIO, FIN, DESCRIPCION) Values   (835755, 6579, parsedatetime('09/25/2012 18:30:00', 'MM/dd/yyy HH:mm:ss'), parsedatetime('09/25/2012 19:00:00', 'MM/dd/yyy HH:mm:ss'), NULL);
Insert into HOR_ITEMS_DETALLE   (ID, ITEM_ID, INICIO, FIN, DESCRIPCION) Values   (841184, 4540, parsedatetime('12/03/2012 14:30:00', 'MM/dd/yyy HH:mm:ss'), parsedatetime('12/03/2012 16:30:00', 'MM/dd/yyy HH:mm:ss'), NULL);
Insert into HOR_ITEMS_DETALLE   (ID, ITEM_ID, INICIO, FIN, DESCRIPCION) Values   (841185, 4540, parsedatetime('12/17/2012 14:30:00', 'MM/dd/yyy HH:mm:ss'), parsedatetime('12/17/2012 16:30:00', 'MM/dd/yyy HH:mm:ss'), NULL);
Insert into HOR_ITEMS_DETALLE   (ID, ITEM_ID, INICIO, FIN, DESCRIPCION) Values   (835769, 6579, parsedatetime('10/23/2012 18:30:00', 'MM/dd/yyy HH:mm:ss'), parsedatetime('10/23/2012 19:00:00', 'MM/dd/yyy HH:mm:ss'), NULL);
Insert into HOR_ITEMS_DETALLE   (ID, ITEM_ID, INICIO, FIN, DESCRIPCION) Values   (835773, 6579, parsedatetime('11/06/2012 18:30:00', 'MM/dd/yyy HH:mm:ss'), parsedatetime('11/06/2012 19:00:00', 'MM/dd/yyy HH:mm:ss'), NULL);
Insert into HOR_ITEMS_DETALLE   (ID, ITEM_ID, INICIO, FIN, DESCRIPCION) Values   (835777, 6579, parsedatetime('11/20/2012 18:30:00', 'MM/dd/yyy HH:mm:ss'), parsedatetime('11/20/2012 19:00:00', 'MM/dd/yyy HH:mm:ss'), NULL);
Insert into HOR_ITEMS_DETALLE   (ID, ITEM_ID, INICIO, FIN, DESCRIPCION) Values   (835780, 6579, parsedatetime('12/04/2012 18:30:00', 'MM/dd/yyy HH:mm:ss'), parsedatetime('12/04/2012 19:00:00', 'MM/dd/yyy HH:mm:ss'), NULL);
Insert into HOR_ITEMS_DETALLE   (ID, ITEM_ID, INICIO, FIN, DESCRIPCION) Values   (849434, 2808, parsedatetime('09/25/2012 08:00:00', 'MM/dd/yyy HH:mm:ss'), parsedatetime('09/25/2012 09:35:00', 'MM/dd/yyy HH:mm:ss'), NULL);
Insert into HOR_ITEMS_DETALLE   (ID, ITEM_ID, INICIO, FIN, DESCRIPCION) Values   (849435, 2808, parsedatetime('10/02/2012 08:00:00', 'MM/dd/yyy HH:mm:ss'), parsedatetime('10/02/2012 09:35:00', 'MM/dd/yyy HH:mm:ss'), NULL);
Insert into HOR_ITEMS_DETALLE   (ID, ITEM_ID, INICIO, FIN, DESCRIPCION) Values   (849436, 2808, parsedatetime('10/16/2012 08:00:00', 'MM/dd/yyy HH:mm:ss'), parsedatetime('10/16/2012 09:35:00', 'MM/dd/yyy HH:mm:ss'), NULL);
Insert into HOR_ITEMS_DETALLE   (ID, ITEM_ID, INICIO, FIN, DESCRIPCION) Values   (849437, 2808, parsedatetime('10/23/2012 08:00:00', 'MM/dd/yyy HH:mm:ss'), parsedatetime('10/23/2012 09:35:00', 'MM/dd/yyy HH:mm:ss'), NULL);
Insert into HOR_ITEMS_DETALLE   (ID, ITEM_ID, INICIO, FIN, DESCRIPCION) Values   (849438, 2808, parsedatetime('10/30/2012 08:00:00', 'MM/dd/yyy HH:mm:ss'), parsedatetime('10/30/2012 09:35:00', 'MM/dd/yyy HH:mm:ss'), NULL);
Insert into HOR_ITEMS_DETALLE   (ID, ITEM_ID, INICIO, FIN, DESCRIPCION) Values   (849439, 2808, parsedatetime('11/06/2012 08:00:00', 'MM/dd/yyy HH:mm:ss'), parsedatetime('11/06/2012 09:35:00', 'MM/dd/yyy HH:mm:ss'), NULL);
Insert into HOR_ITEMS_DETALLE   (ID, ITEM_ID, INICIO, FIN, DESCRIPCION) Values   (849440, 2808, parsedatetime('11/13/2012 08:00:00', 'MM/dd/yyy HH:mm:ss'), parsedatetime('11/13/2012 09:35:00', 'MM/dd/yyy HH:mm:ss'), NULL);
Insert into HOR_ITEMS_DETALLE   (ID, ITEM_ID, INICIO, FIN, DESCRIPCION) Values   (849441, 2808, parsedatetime('11/20/2012 08:00:00', 'MM/dd/yyy HH:mm:ss'), parsedatetime('11/20/2012 09:35:00', 'MM/dd/yyy HH:mm:ss'), NULL);
Insert into HOR_ITEMS_DETALLE   (ID, ITEM_ID, INICIO, FIN, DESCRIPCION) Values   (849442, 2808, parsedatetime('11/27/2012 08:00:00', 'MM/dd/yyy HH:mm:ss'), parsedatetime('11/27/2012 09:35:00', 'MM/dd/yyy HH:mm:ss'), NULL);
Insert into HOR_ITEMS_DETALLE   (ID, ITEM_ID, INICIO, FIN, DESCRIPCION) Values   (849443, 2808, parsedatetime('12/04/2012 08:00:00', 'MM/dd/yyy HH:mm:ss'), parsedatetime('12/04/2012 09:35:00', 'MM/dd/yyy HH:mm:ss'), NULL);
Insert into HOR_ITEMS_DETALLE   (ID, ITEM_ID, INICIO, FIN, DESCRIPCION) Values   (849444, 2808, parsedatetime('12/11/2012 08:00:00', 'MM/dd/yyy HH:mm:ss'), parsedatetime('12/11/2012 09:35:00', 'MM/dd/yyy HH:mm:ss'), NULL);
Insert into HOR_ITEMS_DETALLE   (ID, ITEM_ID, INICIO, FIN, DESCRIPCION) Values   (849445, 2808, parsedatetime('12/18/2012 08:00:00', 'MM/dd/yyy HH:mm:ss'), parsedatetime('12/18/2012 09:35:00', 'MM/dd/yyy HH:mm:ss'), NULL);
Insert into HOR_ITEMS_DETALLE   (ID, ITEM_ID, INICIO, FIN, DESCRIPCION) Values   (862857, 5879, parsedatetime('09/25/2012 10:00:00', 'MM/dd/yyy HH:mm:ss'), parsedatetime('09/25/2012 11:00:00', 'MM/dd/yyy HH:mm:ss'), NULL);
Insert into HOR_ITEMS_DETALLE   (ID, ITEM_ID, INICIO, FIN, DESCRIPCION) Values   (862858, 5879, parsedatetime('10/02/2012 10:00:00', 'MM/dd/yyy HH:mm:ss'), parsedatetime('10/02/2012 11:00:00', 'MM/dd/yyy HH:mm:ss'), NULL);
Insert into HOR_ITEMS_DETALLE   (ID, ITEM_ID, INICIO, FIN, DESCRIPCION) Values   (862859, 5879, parsedatetime('10/16/2012 10:00:00', 'MM/dd/yyy HH:mm:ss'), parsedatetime('10/16/2012 11:00:00', 'MM/dd/yyy HH:mm:ss'), NULL);
Insert into HOR_ITEMS_DETALLE   (ID, ITEM_ID, INICIO, FIN, DESCRIPCION) Values   (862860, 5879, parsedatetime('10/23/2012 10:00:00', 'MM/dd/yyy HH:mm:ss'), parsedatetime('10/23/2012 11:00:00', 'MM/dd/yyy HH:mm:ss'), NULL);
Insert into HOR_ITEMS_DETALLE   (ID, ITEM_ID, INICIO, FIN, DESCRIPCION) Values   (862861, 5879, parsedatetime('10/30/2012 10:00:00', 'MM/dd/yyy HH:mm:ss'), parsedatetime('10/30/2012 11:00:00', 'MM/dd/yyy HH:mm:ss'), NULL);
Insert into HOR_ITEMS_DETALLE   (ID, ITEM_ID, INICIO, FIN, DESCRIPCION) Values   (862862, 5879, parsedatetime('11/06/2012 10:00:00', 'MM/dd/yyy HH:mm:ss'), parsedatetime('11/06/2012 11:00:00', 'MM/dd/yyy HH:mm:ss'), NULL);
Insert into HOR_ITEMS_DETALLE   (ID, ITEM_ID, INICIO, FIN, DESCRIPCION) Values   (862863, 5879, parsedatetime('11/13/2012 10:00:00', 'MM/dd/yyy HH:mm:ss'), parsedatetime('11/13/2012 11:00:00', 'MM/dd/yyy HH:mm:ss'), NULL);
Insert into HOR_ITEMS_DETALLE   (ID, ITEM_ID, INICIO, FIN, DESCRIPCION) Values   (862864, 5879, parsedatetime('11/20/2012 10:00:00', 'MM/dd/yyy HH:mm:ss'), parsedatetime('11/20/2012 11:00:00', 'MM/dd/yyy HH:mm:ss'), NULL);
Insert into HOR_ITEMS_DETALLE   (ID, ITEM_ID, INICIO, FIN, DESCRIPCION) Values   (862865, 5879, parsedatetime('11/27/2012 10:00:00', 'MM/dd/yyy HH:mm:ss'), parsedatetime('11/27/2012 11:00:00', 'MM/dd/yyy HH:mm:ss'), NULL);
Insert into HOR_ITEMS_DETALLE   (ID, ITEM_ID, INICIO, FIN, DESCRIPCION) Values   (862866, 5879, parsedatetime('12/04/2012 10:00:00', 'MM/dd/yyy HH:mm:ss'), parsedatetime('12/04/2012 11:00:00', 'MM/dd/yyy HH:mm:ss'), NULL);
Insert into HOR_ITEMS_DETALLE   (ID, ITEM_ID, INICIO, FIN, DESCRIPCION) Values   (862867, 5879, parsedatetime('12/11/2012 10:00:00', 'MM/dd/yyy HH:mm:ss'), parsedatetime('12/11/2012 11:00:00', 'MM/dd/yyy HH:mm:ss'), NULL);
Insert into HOR_ITEMS_DETALLE   (ID, ITEM_ID, INICIO, FIN, DESCRIPCION) Values   (862868, 5879, parsedatetime('12/18/2012 10:00:00', 'MM/dd/yyy HH:mm:ss'), parsedatetime('12/18/2012 11:00:00', 'MM/dd/yyy HH:mm:ss'), NULL);
Insert into HOR_ITEMS_DETALLE   (ID, ITEM_ID, INICIO, FIN, DESCRIPCION) Values   (862881, 1146, parsedatetime('09/24/2012 13:00:00', 'MM/dd/yyy HH:mm:ss'), parsedatetime('09/24/2012 14:00:00', 'MM/dd/yyy HH:mm:ss'), NULL);
Insert into HOR_ITEMS_DETALLE   (ID, ITEM_ID, INICIO, FIN, DESCRIPCION) Values   (862882, 1146, parsedatetime('10/01/2012 13:00:00', 'MM/dd/yyy HH:mm:ss'), parsedatetime('10/01/2012 14:00:00', 'MM/dd/yyy HH:mm:ss'), NULL);
Insert into HOR_ITEMS_DETALLE   (ID, ITEM_ID, INICIO, FIN, DESCRIPCION) Values   (862883, 1146, parsedatetime('10/08/2012 13:00:00', 'MM/dd/yyy HH:mm:ss'), parsedatetime('10/08/2012 14:00:00', 'MM/dd/yyy HH:mm:ss'), NULL);
Insert into HOR_ITEMS_DETALLE   (ID, ITEM_ID, INICIO, FIN, DESCRIPCION) Values   (862884, 1146, parsedatetime('10/15/2012 13:00:00', 'MM/dd/yyy HH:mm:ss'), parsedatetime('10/15/2012 14:00:00', 'MM/dd/yyy HH:mm:ss'), NULL);
Insert into HOR_ITEMS_DETALLE   (ID, ITEM_ID, INICIO, FIN, DESCRIPCION) Values   (862885, 1146, parsedatetime('10/22/2012 13:00:00', 'MM/dd/yyy HH:mm:ss'), parsedatetime('10/22/2012 14:00:00', 'MM/dd/yyy HH:mm:ss'), NULL);
Insert into HOR_ITEMS_DETALLE   (ID, ITEM_ID, INICIO, FIN, DESCRIPCION) Values   (862886, 1146, parsedatetime('10/29/2012 13:00:00', 'MM/dd/yyy HH:mm:ss'), parsedatetime('10/29/2012 14:00:00', 'MM/dd/yyy HH:mm:ss'), NULL);
Insert into HOR_ITEMS_DETALLE   (ID, ITEM_ID, INICIO, FIN, DESCRIPCION) Values   (862887, 1146, parsedatetime('11/05/2012 13:00:00', 'MM/dd/yyy HH:mm:ss'), parsedatetime('11/05/2012 14:00:00', 'MM/dd/yyy HH:mm:ss'), NULL);
Insert into HOR_ITEMS_DETALLE   (ID, ITEM_ID, INICIO, FIN, DESCRIPCION) Values   (862888, 1146, parsedatetime('11/12/2012 13:00:00', 'MM/dd/yyy HH:mm:ss'), parsedatetime('11/12/2012 14:00:00', 'MM/dd/yyy HH:mm:ss'), NULL);
Insert into HOR_ITEMS_DETALLE   (ID, ITEM_ID, INICIO, FIN, DESCRIPCION) Values   (862889, 1146, parsedatetime('11/19/2012 13:00:00', 'MM/dd/yyy HH:mm:ss'), parsedatetime('11/19/2012 14:00:00', 'MM/dd/yyy HH:mm:ss'), NULL);
Insert into HOR_ITEMS_DETALLE   (ID, ITEM_ID, INICIO, FIN, DESCRIPCION) Values   (862890, 1146, parsedatetime('11/26/2012 13:00:00', 'MM/dd/yyy HH:mm:ss'), parsedatetime('11/26/2012 14:00:00', 'MM/dd/yyy HH:mm:ss'), NULL);
Insert into HOR_ITEMS_DETALLE   (ID, ITEM_ID, INICIO, FIN, DESCRIPCION) Values   (862891, 1146, parsedatetime('12/03/2012 13:00:00', 'MM/dd/yyy HH:mm:ss'), parsedatetime('12/03/2012 14:00:00', 'MM/dd/yyy HH:mm:ss'), NULL);
Insert into HOR_ITEMS_DETALLE   (ID, ITEM_ID, INICIO, FIN, DESCRIPCION) Values   (862892, 1146, parsedatetime('12/10/2012 13:00:00', 'MM/dd/yyy HH:mm:ss'), parsedatetime('12/10/2012 14:00:00', 'MM/dd/yyy HH:mm:ss'), NULL);
Insert into HOR_ITEMS_DETALLE   (ID, ITEM_ID, INICIO, FIN, DESCRIPCION) Values   (862893, 1146, parsedatetime('12/17/2012 13:00:00', 'MM/dd/yyy HH:mm:ss'), parsedatetime('12/17/2012 14:00:00', 'MM/dd/yyy HH:mm:ss'), NULL);
Insert into HOR_ITEMS_DETALLE   (ID, ITEM_ID, INICIO, FIN, DESCRIPCION) Values   (26628, 4449, parsedatetime('09/21/2012 10:00:00', 'MM/dd/yyy HH:mm:ss'), parsedatetime('09/21/2012 11:00:00', 'MM/dd/yyy HH:mm:ss'), NULL);
Insert into HOR_ITEMS_DETALLE   (ID, ITEM_ID, INICIO, FIN, DESCRIPCION) Values   (26629, 4448, parsedatetime('09/21/2012 11:30:00', 'MM/dd/yyy HH:mm:ss'), parsedatetime('09/21/2012 13:30:00', 'MM/dd/yyy HH:mm:ss'), NULL);
Insert into HOR_ITEMS_DETALLE   (ID, ITEM_ID, INICIO, FIN, DESCRIPCION) Values   (26630, 4447, parsedatetime('09/21/2012 13:30:00', 'MM/dd/yyy HH:mm:ss'), parsedatetime('09/21/2012 14:30:00', 'MM/dd/yyy HH:mm:ss'), NULL);
Insert into HOR_ITEMS_DETALLE   (ID, ITEM_ID, INICIO, FIN, DESCRIPCION) Values   (26631, 4449, parsedatetime('09/21/2012 10:00:00', 'MM/dd/yyy HH:mm:ss'), parsedatetime('09/21/2012 11:00:00', 'MM/dd/yyy HH:mm:ss'), NULL);
Insert into HOR_ITEMS_DETALLE   (ID, ITEM_ID, INICIO, FIN, DESCRIPCION) Values   (26632, 4448, parsedatetime('09/21/2012 11:30:00', 'MM/dd/yyy HH:mm:ss'), parsedatetime('09/21/2012 13:30:00', 'MM/dd/yyy HH:mm:ss'), NULL);
Insert into HOR_ITEMS_DETALLE   (ID, ITEM_ID, INICIO, FIN, DESCRIPCION) Values   (26633, 4447, parsedatetime('09/21/2012 13:30:00', 'MM/dd/yyy HH:mm:ss'), parsedatetime('09/21/2012 14:30:00', 'MM/dd/yyy HH:mm:ss'), NULL);
Insert into HOR_ITEMS_DETALLE   (ID, ITEM_ID, INICIO, FIN, DESCRIPCION) Values   (26634, 4449, parsedatetime('09/21/2012 10:00:00', 'MM/dd/yyy HH:mm:ss'), parsedatetime('09/21/2012 11:00:00', 'MM/dd/yyy HH:mm:ss'), NULL);
Insert into HOR_ITEMS_DETALLE   (ID, ITEM_ID, INICIO, FIN, DESCRIPCION) Values   (26635, 4448, parsedatetime('09/21/2012 11:30:00', 'MM/dd/yyy HH:mm:ss'), parsedatetime('09/21/2012 13:30:00', 'MM/dd/yyy HH:mm:ss'), NULL);
Insert into HOR_ITEMS_DETALLE   (ID, ITEM_ID, INICIO, FIN, DESCRIPCION) Values   (26636, 4447, parsedatetime('09/21/2012 13:30:00', 'MM/dd/yyy HH:mm:ss'), parsedatetime('09/21/2012 14:30:00', 'MM/dd/yyy HH:mm:ss'), NULL);
Insert into HOR_ITEMS_DETALLE   (ID, ITEM_ID, INICIO, FIN, DESCRIPCION) Values   (26637, 4449, parsedatetime('09/28/2012 10:00:00', 'MM/dd/yyy HH:mm:ss'), parsedatetime('09/28/2012 11:00:00', 'MM/dd/yyy HH:mm:ss'), NULL);
Insert into HOR_ITEMS_DETALLE   (ID, ITEM_ID, INICIO, FIN, DESCRIPCION) Values   (26638, 4448, parsedatetime('09/28/2012 11:30:00', 'MM/dd/yyy HH:mm:ss'), parsedatetime('09/28/2012 13:30:00', 'MM/dd/yyy HH:mm:ss'), NULL);
Insert into HOR_ITEMS_DETALLE   (ID, ITEM_ID, INICIO, FIN, DESCRIPCION) Values   (26639, 4447, parsedatetime('09/28/2012 13:30:00', 'MM/dd/yyy HH:mm:ss'), parsedatetime('09/28/2012 14:30:00', 'MM/dd/yyy HH:mm:ss'), NULL);
Insert into HOR_ITEMS_DETALLE   (ID, ITEM_ID, INICIO, FIN, DESCRIPCION) Values   (26640, 4449, parsedatetime('09/28/2012 10:00:00', 'MM/dd/yyy HH:mm:ss'), parsedatetime('09/28/2012 11:00:00', 'MM/dd/yyy HH:mm:ss'), NULL);
Insert into HOR_ITEMS_DETALLE   (ID, ITEM_ID, INICIO, FIN, DESCRIPCION) Values   (26641, 4448, parsedatetime('09/28/2012 11:30:00', 'MM/dd/yyy HH:mm:ss'), parsedatetime('09/28/2012 13:30:00', 'MM/dd/yyy HH:mm:ss'), NULL);
Insert into HOR_ITEMS_DETALLE   (ID, ITEM_ID, INICIO, FIN, DESCRIPCION) Values   (26642, 4447, parsedatetime('09/28/2012 13:30:00', 'MM/dd/yyy HH:mm:ss'), parsedatetime('09/28/2012 14:30:00', 'MM/dd/yyy HH:mm:ss'), NULL);
Insert into HOR_ITEMS_DETALLE   (ID, ITEM_ID, INICIO, FIN, DESCRIPCION) Values   (26643, 4449, parsedatetime('09/28/2012 10:00:00', 'MM/dd/yyy HH:mm:ss'), parsedatetime('09/28/2012 11:00:00', 'MM/dd/yyy HH:mm:ss'), NULL);
Insert into HOR_ITEMS_DETALLE   (ID, ITEM_ID, INICIO, FIN, DESCRIPCION) Values   (26644, 4448, parsedatetime('09/28/2012 11:30:00', 'MM/dd/yyy HH:mm:ss'), parsedatetime('09/28/2012 13:30:00', 'MM/dd/yyy HH:mm:ss'), NULL);
Insert into HOR_ITEMS_DETALLE   (ID, ITEM_ID, INICIO, FIN, DESCRIPCION) Values   (26645, 4447, parsedatetime('09/28/2012 13:30:00', 'MM/dd/yyy HH:mm:ss'), parsedatetime('09/28/2012 14:30:00', 'MM/dd/yyy HH:mm:ss'), NULL);
Insert into HOR_ITEMS_DETALLE   (ID, ITEM_ID, INICIO, FIN, DESCRIPCION) Values   (26646, 4449, parsedatetime('10/05/2012 10:00:00', 'MM/dd/yyy HH:mm:ss'), parsedatetime('10/05/2012 11:00:00', 'MM/dd/yyy HH:mm:ss'), NULL);
Insert into HOR_ITEMS_DETALLE   (ID, ITEM_ID, INICIO, FIN, DESCRIPCION) Values   (26647, 4448, parsedatetime('10/05/2012 11:30:00', 'MM/dd/yyy HH:mm:ss'), parsedatetime('10/05/2012 13:30:00', 'MM/dd/yyy HH:mm:ss'), NULL);
Insert into HOR_ITEMS_DETALLE   (ID, ITEM_ID, INICIO, FIN, DESCRIPCION) Values   (26648, 4447, parsedatetime('10/05/2012 13:30:00', 'MM/dd/yyy HH:mm:ss'), parsedatetime('10/05/2012 14:30:00', 'MM/dd/yyy HH:mm:ss'), NULL);
Insert into HOR_ITEMS_DETALLE   (ID, ITEM_ID, INICIO, FIN, DESCRIPCION) Values   (26649, 4449, parsedatetime('10/05/2012 10:00:00', 'MM/dd/yyy HH:mm:ss'), parsedatetime('10/05/2012 11:00:00', 'MM/dd/yyy HH:mm:ss'), NULL);
Insert into HOR_ITEMS_DETALLE   (ID, ITEM_ID, INICIO, FIN, DESCRIPCION) Values   (26650, 4448, parsedatetime('10/05/2012 11:30:00', 'MM/dd/yyy HH:mm:ss'), parsedatetime('10/05/2012 13:30:00', 'MM/dd/yyy HH:mm:ss'), NULL);
Insert into HOR_ITEMS_DETALLE   (ID, ITEM_ID, INICIO, FIN, DESCRIPCION) Values   (26651, 4447, parsedatetime('10/05/2012 13:30:00', 'MM/dd/yyy HH:mm:ss'), parsedatetime('10/05/2012 14:30:00', 'MM/dd/yyy HH:mm:ss'), NULL);
Insert into HOR_ITEMS_DETALLE   (ID, ITEM_ID, INICIO, FIN, DESCRIPCION) Values   (26652, 4449, parsedatetime('10/05/2012 10:00:00', 'MM/dd/yyy HH:mm:ss'), parsedatetime('10/05/2012 11:00:00', 'MM/dd/yyy HH:mm:ss'), NULL);
Insert into HOR_ITEMS_DETALLE   (ID, ITEM_ID, INICIO, FIN, DESCRIPCION) Values   (26653, 4448, parsedatetime('10/05/2012 11:30:00', 'MM/dd/yyy HH:mm:ss'), parsedatetime('10/05/2012 13:30:00', 'MM/dd/yyy HH:mm:ss'), NULL);
Insert into HOR_ITEMS_DETALLE   (ID, ITEM_ID, INICIO, FIN, DESCRIPCION) Values   (26654, 4447, parsedatetime('10/05/2012 13:30:00', 'MM/dd/yyy HH:mm:ss'), parsedatetime('10/05/2012 14:30:00', 'MM/dd/yyy HH:mm:ss'), NULL);
Insert into HOR_ITEMS_DETALLE   (ID, ITEM_ID, INICIO, FIN, DESCRIPCION) Values   (26655, 4449, parsedatetime('10/19/2012 10:00:00', 'MM/dd/yyy HH:mm:ss'), parsedatetime('10/19/2012 11:00:00', 'MM/dd/yyy HH:mm:ss'), NULL);
Insert into HOR_ITEMS_DETALLE   (ID, ITEM_ID, INICIO, FIN, DESCRIPCION) Values   (26656, 4448, parsedatetime('10/19/2012 11:30:00', 'MM/dd/yyy HH:mm:ss'), parsedatetime('10/19/2012 13:30:00', 'MM/dd/yyy HH:mm:ss'), NULL);
Insert into HOR_ITEMS_DETALLE   (ID, ITEM_ID, INICIO, FIN, DESCRIPCION) Values   (26657, 4447, parsedatetime('10/19/2012 13:30:00', 'MM/dd/yyy HH:mm:ss'), parsedatetime('10/19/2012 14:30:00', 'MM/dd/yyy HH:mm:ss'), NULL);
Insert into HOR_ITEMS_DETALLE   (ID, ITEM_ID, INICIO, FIN, DESCRIPCION) Values   (26658, 4449, parsedatetime('10/19/2012 10:00:00', 'MM/dd/yyy HH:mm:ss'), parsedatetime('10/19/2012 11:00:00', 'MM/dd/yyy HH:mm:ss'), NULL);
Insert into HOR_ITEMS_DETALLE   (ID, ITEM_ID, INICIO, FIN, DESCRIPCION) Values   (26659, 4448, parsedatetime('10/19/2012 11:30:00', 'MM/dd/yyy HH:mm:ss'), parsedatetime('10/19/2012 13:30:00', 'MM/dd/yyy HH:mm:ss'), NULL);
Insert into HOR_ITEMS_DETALLE   (ID, ITEM_ID, INICIO, FIN, DESCRIPCION) Values   (26660, 4447, parsedatetime('10/19/2012 13:30:00', 'MM/dd/yyy HH:mm:ss'), parsedatetime('10/19/2012 14:30:00', 'MM/dd/yyy HH:mm:ss'), NULL);
Insert into HOR_ITEMS_DETALLE   (ID, ITEM_ID, INICIO, FIN, DESCRIPCION) Values   (26661, 4449, parsedatetime('10/19/2012 10:00:00', 'MM/dd/yyy HH:mm:ss'), parsedatetime('10/19/2012 11:00:00', 'MM/dd/yyy HH:mm:ss'), NULL);
Insert into HOR_ITEMS_DETALLE   (ID, ITEM_ID, INICIO, FIN, DESCRIPCION) Values   (26662, 4448, parsedatetime('10/19/2012 11:30:00', 'MM/dd/yyy HH:mm:ss'), parsedatetime('10/19/2012 13:30:00', 'MM/dd/yyy HH:mm:ss'), NULL);
Insert into HOR_ITEMS_DETALLE   (ID, ITEM_ID, INICIO, FIN, DESCRIPCION) Values   (26663, 4447, parsedatetime('10/19/2012 13:30:00', 'MM/dd/yyy HH:mm:ss'), parsedatetime('10/19/2012 14:30:00', 'MM/dd/yyy HH:mm:ss'), NULL);
Insert into HOR_ITEMS_DETALLE   (ID, ITEM_ID, INICIO, FIN, DESCRIPCION) Values   (26664, 4449, parsedatetime('10/26/2012 10:00:00', 'MM/dd/yyy HH:mm:ss'), parsedatetime('10/26/2012 11:00:00', 'MM/dd/yyy HH:mm:ss'), NULL);
Insert into HOR_ITEMS_DETALLE   (ID, ITEM_ID, INICIO, FIN, DESCRIPCION) Values   (26665, 4448, parsedatetime('10/26/2012 11:30:00', 'MM/dd/yyy HH:mm:ss'), parsedatetime('10/26/2012 13:30:00', 'MM/dd/yyy HH:mm:ss'), NULL);
Insert into HOR_ITEMS_DETALLE   (ID, ITEM_ID, INICIO, FIN, DESCRIPCION) Values   (26666, 4447, parsedatetime('10/26/2012 13:30:00', 'MM/dd/yyy HH:mm:ss'), parsedatetime('10/26/2012 14:30:00', 'MM/dd/yyy HH:mm:ss'), NULL);
Insert into HOR_ITEMS_DETALLE   (ID, ITEM_ID, INICIO, FIN, DESCRIPCION) Values   (26667, 4449, parsedatetime('10/26/2012 10:00:00', 'MM/dd/yyy HH:mm:ss'), parsedatetime('10/26/2012 11:00:00', 'MM/dd/yyy HH:mm:ss'), NULL);
Insert into HOR_ITEMS_DETALLE   (ID, ITEM_ID, INICIO, FIN, DESCRIPCION) Values   (26668, 4448, parsedatetime('10/26/2012 11:30:00', 'MM/dd/yyy HH:mm:ss'), parsedatetime('10/26/2012 13:30:00', 'MM/dd/yyy HH:mm:ss'), NULL);
Insert into HOR_ITEMS_DETALLE   (ID, ITEM_ID, INICIO, FIN, DESCRIPCION) Values   (26669, 4447, parsedatetime('10/26/2012 13:30:00', 'MM/dd/yyy HH:mm:ss'), parsedatetime('10/26/2012 14:30:00', 'MM/dd/yyy HH:mm:ss'), NULL);
Insert into HOR_ITEMS_DETALLE   (ID, ITEM_ID, INICIO, FIN, DESCRIPCION) Values   (26670, 4449, parsedatetime('10/26/2012 10:00:00', 'MM/dd/yyy HH:mm:ss'), parsedatetime('10/26/2012 11:00:00', 'MM/dd/yyy HH:mm:ss'), NULL);
Insert into HOR_ITEMS_DETALLE   (ID, ITEM_ID, INICIO, FIN, DESCRIPCION) Values   (26671, 4448, parsedatetime('10/26/2012 11:30:00', 'MM/dd/yyy HH:mm:ss'), parsedatetime('10/26/2012 13:30:00', 'MM/dd/yyy HH:mm:ss'), NULL);
Insert into HOR_ITEMS_DETALLE   (ID, ITEM_ID, INICIO, FIN, DESCRIPCION) Values   (26672, 4447, parsedatetime('10/26/2012 13:30:00', 'MM/dd/yyy HH:mm:ss'), parsedatetime('10/26/2012 14:30:00', 'MM/dd/yyy HH:mm:ss'), NULL);
Insert into HOR_ITEMS_DETALLE   (ID, ITEM_ID, INICIO, FIN, DESCRIPCION) Values   (26673, 4449, parsedatetime('11/02/2012 10:00:00', 'MM/dd/yyy HH:mm:ss'), parsedatetime('11/02/2012 11:00:00', 'MM/dd/yyy HH:mm:ss'), NULL);
Insert into HOR_ITEMS_DETALLE   (ID, ITEM_ID, INICIO, FIN, DESCRIPCION) Values   (26674, 4448, parsedatetime('11/02/2012 11:30:00', 'MM/dd/yyy HH:mm:ss'), parsedatetime('11/02/2012 13:30:00', 'MM/dd/yyy HH:mm:ss'), NULL);
Insert into HOR_ITEMS_DETALLE   (ID, ITEM_ID, INICIO, FIN, DESCRIPCION) Values   (26675, 4447, parsedatetime('11/02/2012 13:30:00', 'MM/dd/yyy HH:mm:ss'), parsedatetime('11/02/2012 14:30:00', 'MM/dd/yyy HH:mm:ss'), NULL);
Insert into HOR_ITEMS_DETALLE   (ID, ITEM_ID, INICIO, FIN, DESCRIPCION) Values   (26676, 4449, parsedatetime('11/02/2012 10:00:00', 'MM/dd/yyy HH:mm:ss'), parsedatetime('11/02/2012 11:00:00', 'MM/dd/yyy HH:mm:ss'), NULL);
Insert into HOR_ITEMS_DETALLE   (ID, ITEM_ID, INICIO, FIN, DESCRIPCION) Values   (26677, 4448, parsedatetime('11/02/2012 11:30:00', 'MM/dd/yyy HH:mm:ss'), parsedatetime('11/02/2012 13:30:00', 'MM/dd/yyy HH:mm:ss'), NULL);
Insert into HOR_ITEMS_DETALLE   (ID, ITEM_ID, INICIO, FIN, DESCRIPCION) Values   (26678, 4447, parsedatetime('11/02/2012 13:30:00', 'MM/dd/yyy HH:mm:ss'), parsedatetime('11/02/2012 14:30:00', 'MM/dd/yyy HH:mm:ss'), NULL);
Insert into HOR_ITEMS_DETALLE   (ID, ITEM_ID, INICIO, FIN, DESCRIPCION) Values   (26679, 4449, parsedatetime('11/02/2012 10:00:00', 'MM/dd/yyy HH:mm:ss'), parsedatetime('11/02/2012 11:00:00', 'MM/dd/yyy HH:mm:ss'), NULL);
Insert into HOR_ITEMS_DETALLE   (ID, ITEM_ID, INICIO, FIN, DESCRIPCION) Values   (26680, 4448, parsedatetime('11/02/2012 11:30:00', 'MM/dd/yyy HH:mm:ss'), parsedatetime('11/02/2012 13:30:00', 'MM/dd/yyy HH:mm:ss'), NULL);
Insert into HOR_ITEMS_DETALLE   (ID, ITEM_ID, INICIO, FIN, DESCRIPCION) Values   (26681, 4447, parsedatetime('11/02/2012 13:30:00', 'MM/dd/yyy HH:mm:ss'), parsedatetime('11/02/2012 14:30:00', 'MM/dd/yyy HH:mm:ss'), NULL);
Insert into HOR_ITEMS_DETALLE   (ID, ITEM_ID, INICIO, FIN, DESCRIPCION) Values   (26682, 4449, parsedatetime('11/09/2012 10:00:00', 'MM/dd/yyy HH:mm:ss'), parsedatetime('11/09/2012 11:00:00', 'MM/dd/yyy HH:mm:ss'), NULL);
Insert into HOR_ITEMS_DETALLE   (ID, ITEM_ID, INICIO, FIN, DESCRIPCION) Values   (26683, 4448, parsedatetime('11/09/2012 11:30:00', 'MM/dd/yyy HH:mm:ss'), parsedatetime('11/09/2012 13:30:00', 'MM/dd/yyy HH:mm:ss'), NULL);
Insert into HOR_ITEMS_DETALLE   (ID, ITEM_ID, INICIO, FIN, DESCRIPCION) Values   (26684, 4447, parsedatetime('11/09/2012 13:30:00', 'MM/dd/yyy HH:mm:ss'), parsedatetime('11/09/2012 14:30:00', 'MM/dd/yyy HH:mm:ss'), NULL);
Insert into HOR_ITEMS_DETALLE   (ID, ITEM_ID, INICIO, FIN, DESCRIPCION) Values   (26685, 4449, parsedatetime('11/09/2012 10:00:00', 'MM/dd/yyy HH:mm:ss'), parsedatetime('11/09/2012 11:00:00', 'MM/dd/yyy HH:mm:ss'), NULL);
Insert into HOR_ITEMS_DETALLE   (ID, ITEM_ID, INICIO, FIN, DESCRIPCION) Values   (26686, 4448, parsedatetime('11/09/2012 11:30:00', 'MM/dd/yyy HH:mm:ss'), parsedatetime('11/09/2012 13:30:00', 'MM/dd/yyy HH:mm:ss'), NULL);
Insert into HOR_ITEMS_DETALLE   (ID, ITEM_ID, INICIO, FIN, DESCRIPCION) Values   (26687, 4447, parsedatetime('11/09/2012 13:30:00', 'MM/dd/yyy HH:mm:ss'), parsedatetime('11/09/2012 14:30:00', 'MM/dd/yyy HH:mm:ss'), NULL);
Insert into HOR_ITEMS_DETALLE   (ID, ITEM_ID, INICIO, FIN, DESCRIPCION) Values   (26688, 4449, parsedatetime('11/09/2012 10:00:00', 'MM/dd/yyy HH:mm:ss'), parsedatetime('11/09/2012 11:00:00', 'MM/dd/yyy HH:mm:ss'), NULL);
Insert into HOR_ITEMS_DETALLE   (ID, ITEM_ID, INICIO, FIN, DESCRIPCION) Values   (26689, 4448, parsedatetime('11/09/2012 11:30:00', 'MM/dd/yyy HH:mm:ss'), parsedatetime('11/09/2012 13:30:00', 'MM/dd/yyy HH:mm:ss'), NULL);
Insert into HOR_ITEMS_DETALLE   (ID, ITEM_ID, INICIO, FIN, DESCRIPCION) Values   (26690, 4447, parsedatetime('11/09/2012 13:30:00', 'MM/dd/yyy HH:mm:ss'), parsedatetime('11/09/2012 14:30:00', 'MM/dd/yyy HH:mm:ss'), NULL);
Insert into HOR_ITEMS_DETALLE   (ID, ITEM_ID, INICIO, FIN, DESCRIPCION) Values   (26691, 4449, parsedatetime('11/16/2012 10:00:00', 'MM/dd/yyy HH:mm:ss'), parsedatetime('11/16/2012 11:00:00', 'MM/dd/yyy HH:mm:ss'), NULL);
Insert into HOR_ITEMS_DETALLE   (ID, ITEM_ID, INICIO, FIN, DESCRIPCION) Values   (26692, 4448, parsedatetime('11/16/2012 11:30:00', 'MM/dd/yyy HH:mm:ss'), parsedatetime('11/16/2012 13:30:00', 'MM/dd/yyy HH:mm:ss'), NULL);
Insert into HOR_ITEMS_DETALLE   (ID, ITEM_ID, INICIO, FIN, DESCRIPCION) Values   (26693, 4447, parsedatetime('11/16/2012 13:30:00', 'MM/dd/yyy HH:mm:ss'), parsedatetime('11/16/2012 14:30:00', 'MM/dd/yyy HH:mm:ss'), NULL);
Insert into HOR_ITEMS_DETALLE   (ID, ITEM_ID, INICIO, FIN, DESCRIPCION) Values   (26694, 4449, parsedatetime('11/16/2012 10:00:00', 'MM/dd/yyy HH:mm:ss'), parsedatetime('11/16/2012 11:00:00', 'MM/dd/yyy HH:mm:ss'), NULL);
Insert into HOR_ITEMS_DETALLE   (ID, ITEM_ID, INICIO, FIN, DESCRIPCION) Values   (26695, 4448, parsedatetime('11/16/2012 11:30:00', 'MM/dd/yyy HH:mm:ss'), parsedatetime('11/16/2012 13:30:00', 'MM/dd/yyy HH:mm:ss'), NULL);
Insert into HOR_ITEMS_DETALLE   (ID, ITEM_ID, INICIO, FIN, DESCRIPCION) Values   (26696, 4447, parsedatetime('11/16/2012 13:30:00', 'MM/dd/yyy HH:mm:ss'), parsedatetime('11/16/2012 14:30:00', 'MM/dd/yyy HH:mm:ss'), NULL);
Insert into HOR_ITEMS_DETALLE   (ID, ITEM_ID, INICIO, FIN, DESCRIPCION) Values   (26697, 4449, parsedatetime('11/16/2012 10:00:00', 'MM/dd/yyy HH:mm:ss'), parsedatetime('11/16/2012 11:00:00', 'MM/dd/yyy HH:mm:ss'), NULL);
Insert into HOR_ITEMS_DETALLE   (ID, ITEM_ID, INICIO, FIN, DESCRIPCION) Values   (26698, 4448, parsedatetime('11/16/2012 11:30:00', 'MM/dd/yyy HH:mm:ss'), parsedatetime('11/16/2012 13:30:00', 'MM/dd/yyy HH:mm:ss'), NULL);
Insert into HOR_ITEMS_DETALLE   (ID, ITEM_ID, INICIO, FIN, DESCRIPCION) Values   (26699, 4447, parsedatetime('11/16/2012 13:30:00', 'MM/dd/yyy HH:mm:ss'), parsedatetime('11/16/2012 14:30:00', 'MM/dd/yyy HH:mm:ss'), NULL);
Insert into HOR_ITEMS_DETALLE   (ID, ITEM_ID, INICIO, FIN, DESCRIPCION) Values   (26700, 4449, parsedatetime('11/23/2012 10:00:00', 'MM/dd/yyy HH:mm:ss'), parsedatetime('11/23/2012 11:00:00', 'MM/dd/yyy HH:mm:ss'), NULL);
Insert into HOR_ITEMS_DETALLE   (ID, ITEM_ID, INICIO, FIN, DESCRIPCION) Values   (26701, 4448, parsedatetime('11/23/2012 11:30:00', 'MM/dd/yyy HH:mm:ss'), parsedatetime('11/23/2012 13:30:00', 'MM/dd/yyy HH:mm:ss'), NULL);
Insert into HOR_ITEMS_DETALLE   (ID, ITEM_ID, INICIO, FIN, DESCRIPCION) Values   (26702, 4447, parsedatetime('11/23/2012 13:30:00', 'MM/dd/yyy HH:mm:ss'), parsedatetime('11/23/2012 14:30:00', 'MM/dd/yyy HH:mm:ss'), NULL);
Insert into HOR_ITEMS_DETALLE   (ID, ITEM_ID, INICIO, FIN, DESCRIPCION) Values   (26703, 4449, parsedatetime('11/23/2012 10:00:00', 'MM/dd/yyy HH:mm:ss'), parsedatetime('11/23/2012 11:00:00', 'MM/dd/yyy HH:mm:ss'), NULL);
Insert into HOR_ITEMS_DETALLE   (ID, ITEM_ID, INICIO, FIN, DESCRIPCION) Values   (26704, 4448, parsedatetime('11/23/2012 11:30:00', 'MM/dd/yyy HH:mm:ss'), parsedatetime('11/23/2012 13:30:00', 'MM/dd/yyy HH:mm:ss'), NULL);
Insert into HOR_ITEMS_DETALLE   (ID, ITEM_ID, INICIO, FIN, DESCRIPCION) Values   (26705, 4447, parsedatetime('11/23/2012 13:30:00', 'MM/dd/yyy HH:mm:ss'), parsedatetime('11/23/2012 14:30:00', 'MM/dd/yyy HH:mm:ss'), NULL);
Insert into HOR_ITEMS_DETALLE   (ID, ITEM_ID, INICIO, FIN, DESCRIPCION) Values   (26706, 4449, parsedatetime('11/23/2012 10:00:00', 'MM/dd/yyy HH:mm:ss'), parsedatetime('11/23/2012 11:00:00', 'MM/dd/yyy HH:mm:ss'), NULL);
Insert into HOR_ITEMS_DETALLE   (ID, ITEM_ID, INICIO, FIN, DESCRIPCION) Values   (26707, 4448, parsedatetime('11/23/2012 11:30:00', 'MM/dd/yyy HH:mm:ss'), parsedatetime('11/23/2012 13:30:00', 'MM/dd/yyy HH:mm:ss'), NULL);
Insert into HOR_ITEMS_DETALLE   (ID, ITEM_ID, INICIO, FIN, DESCRIPCION) Values   (26708, 4447, parsedatetime('11/23/2012 13:30:00', 'MM/dd/yyy HH:mm:ss'), parsedatetime('11/23/2012 14:30:00', 'MM/dd/yyy HH:mm:ss'), NULL);
Insert into HOR_ITEMS_DETALLE   (ID, ITEM_ID, INICIO, FIN, DESCRIPCION) Values   (26709, 4449, parsedatetime('11/30/2012 10:00:00', 'MM/dd/yyy HH:mm:ss'), parsedatetime('11/30/2012 11:00:00', 'MM/dd/yyy HH:mm:ss'), NULL);
Insert into HOR_ITEMS_DETALLE   (ID, ITEM_ID, INICIO, FIN, DESCRIPCION) Values   (26710, 4448, parsedatetime('11/30/2012 11:30:00', 'MM/dd/yyy HH:mm:ss'), parsedatetime('11/30/2012 13:30:00', 'MM/dd/yyy HH:mm:ss'), NULL);
Insert into HOR_ITEMS_DETALLE   (ID, ITEM_ID, INICIO, FIN, DESCRIPCION) Values   (26711, 4447, parsedatetime('11/30/2012 13:30:00', 'MM/dd/yyy HH:mm:ss'), parsedatetime('11/30/2012 14:30:00', 'MM/dd/yyy HH:mm:ss'), NULL);
Insert into HOR_ITEMS_DETALLE   (ID, ITEM_ID, INICIO, FIN, DESCRIPCION) Values   (26712, 4449, parsedatetime('11/30/2012 10:00:00', 'MM/dd/yyy HH:mm:ss'), parsedatetime('11/30/2012 11:00:00', 'MM/dd/yyy HH:mm:ss'), NULL);
Insert into HOR_ITEMS_DETALLE   (ID, ITEM_ID, INICIO, FIN, DESCRIPCION) Values   (26713, 4448, parsedatetime('11/30/2012 11:30:00', 'MM/dd/yyy HH:mm:ss'), parsedatetime('11/30/2012 13:30:00', 'MM/dd/yyy HH:mm:ss'), NULL);
Insert into HOR_ITEMS_DETALLE   (ID, ITEM_ID, INICIO, FIN, DESCRIPCION) Values   (26714, 4447, parsedatetime('11/30/2012 13:30:00', 'MM/dd/yyy HH:mm:ss'), parsedatetime('11/30/2012 14:30:00', 'MM/dd/yyy HH:mm:ss'), NULL);
Insert into HOR_ITEMS_DETALLE   (ID, ITEM_ID, INICIO, FIN, DESCRIPCION) Values   (26715, 4449, parsedatetime('11/30/2012 10:00:00', 'MM/dd/yyy HH:mm:ss'), parsedatetime('11/30/2012 11:00:00', 'MM/dd/yyy HH:mm:ss'), NULL);
Insert into HOR_ITEMS_DETALLE   (ID, ITEM_ID, INICIO, FIN, DESCRIPCION) Values   (26716, 4448, parsedatetime('11/30/2012 11:30:00', 'MM/dd/yyy HH:mm:ss'), parsedatetime('11/30/2012 13:30:00', 'MM/dd/yyy HH:mm:ss'), NULL);
Insert into HOR_ITEMS_DETALLE   (ID, ITEM_ID, INICIO, FIN, DESCRIPCION) Values   (26717, 4447, parsedatetime('11/30/2012 13:30:00', 'MM/dd/yyy HH:mm:ss'), parsedatetime('11/30/2012 14:30:00', 'MM/dd/yyy HH:mm:ss'), NULL);
Insert into HOR_ITEMS_DETALLE   (ID, ITEM_ID, INICIO, FIN, DESCRIPCION) Values   (26718, 4449, parsedatetime('12/07/2012 10:00:00', 'MM/dd/yyy HH:mm:ss'), parsedatetime('12/07/2012 11:00:00', 'MM/dd/yyy HH:mm:ss'), NULL);
Insert into HOR_ITEMS_DETALLE   (ID, ITEM_ID, INICIO, FIN, DESCRIPCION) Values   (26719, 4448, parsedatetime('12/07/2012 11:30:00', 'MM/dd/yyy HH:mm:ss'), parsedatetime('12/07/2012 13:30:00', 'MM/dd/yyy HH:mm:ss'), NULL);
Insert into HOR_ITEMS_DETALLE   (ID, ITEM_ID, INICIO, FIN, DESCRIPCION) Values   (26720, 4447, parsedatetime('12/07/2012 13:30:00', 'MM/dd/yyy HH:mm:ss'), parsedatetime('12/07/2012 14:30:00', 'MM/dd/yyy HH:mm:ss'), NULL);
Insert into HOR_ITEMS_DETALLE   (ID, ITEM_ID, INICIO, FIN, DESCRIPCION) Values   (26721, 4449, parsedatetime('12/07/2012 10:00:00', 'MM/dd/yyy HH:mm:ss'), parsedatetime('12/07/2012 11:00:00', 'MM/dd/yyy HH:mm:ss'), NULL);
Insert into HOR_ITEMS_DETALLE   (ID, ITEM_ID, INICIO, FIN, DESCRIPCION) Values   (26722, 4448, parsedatetime('12/07/2012 11:30:00', 'MM/dd/yyy HH:mm:ss'), parsedatetime('12/07/2012 13:30:00', 'MM/dd/yyy HH:mm:ss'), NULL);
Insert into HOR_ITEMS_DETALLE   (ID, ITEM_ID, INICIO, FIN, DESCRIPCION) Values   (26723, 4447, parsedatetime('12/07/2012 13:30:00', 'MM/dd/yyy HH:mm:ss'), parsedatetime('12/07/2012 14:30:00', 'MM/dd/yyy HH:mm:ss'), NULL);
Insert into HOR_ITEMS_DETALLE   (ID, ITEM_ID, INICIO, FIN, DESCRIPCION) Values   (26724, 4449, parsedatetime('12/07/2012 10:00:00', 'MM/dd/yyy HH:mm:ss'), parsedatetime('12/07/2012 11:00:00', 'MM/dd/yyy HH:mm:ss'), NULL);
Insert into HOR_ITEMS_DETALLE   (ID, ITEM_ID, INICIO, FIN, DESCRIPCION) Values   (26725, 4448, parsedatetime('12/07/2012 11:30:00', 'MM/dd/yyy HH:mm:ss'), parsedatetime('12/07/2012 13:30:00', 'MM/dd/yyy HH:mm:ss'), NULL);
Insert into HOR_ITEMS_DETALLE   (ID, ITEM_ID, INICIO, FIN, DESCRIPCION) Values   (26726, 4447, parsedatetime('12/07/2012 13:30:00', 'MM/dd/yyy HH:mm:ss'), parsedatetime('12/07/2012 14:30:00', 'MM/dd/yyy HH:mm:ss'), NULL);
Insert into HOR_ITEMS_DETALLE   (ID, ITEM_ID, INICIO, FIN, DESCRIPCION) Values   (26727, 4449, parsedatetime('12/14/2012 10:00:00', 'MM/dd/yyy HH:mm:ss'), parsedatetime('12/14/2012 11:00:00', 'MM/dd/yyy HH:mm:ss'), NULL);
Insert into HOR_ITEMS_DETALLE   (ID, ITEM_ID, INICIO, FIN, DESCRIPCION) Values   (26728, 4448, parsedatetime('12/14/2012 11:30:00', 'MM/dd/yyy HH:mm:ss'), parsedatetime('12/14/2012 13:30:00', 'MM/dd/yyy HH:mm:ss'), NULL);
Insert into HOR_ITEMS_DETALLE   (ID, ITEM_ID, INICIO, FIN, DESCRIPCION) Values   (26729, 4447, parsedatetime('12/14/2012 13:30:00', 'MM/dd/yyy HH:mm:ss'), parsedatetime('12/14/2012 14:30:00', 'MM/dd/yyy HH:mm:ss'), NULL);
Insert into HOR_ITEMS_DETALLE   (ID, ITEM_ID, INICIO, FIN, DESCRIPCION) Values   (26730, 4449, parsedatetime('12/14/2012 10:00:00', 'MM/dd/yyy HH:mm:ss'), parsedatetime('12/14/2012 11:00:00', 'MM/dd/yyy HH:mm:ss'), NULL);
Insert into HOR_ITEMS_DETALLE   (ID, ITEM_ID, INICIO, FIN, DESCRIPCION) Values   (26731, 4448, parsedatetime('12/14/2012 11:30:00', 'MM/dd/yyy HH:mm:ss'), parsedatetime('12/14/2012 13:30:00', 'MM/dd/yyy HH:mm:ss'), NULL);
Insert into HOR_ITEMS_DETALLE   (ID, ITEM_ID, INICIO, FIN, DESCRIPCION) Values   (26732, 4447, parsedatetime('12/14/2012 13:30:00', 'MM/dd/yyy HH:mm:ss'), parsedatetime('12/14/2012 14:30:00', 'MM/dd/yyy HH:mm:ss'), NULL);
Insert into HOR_ITEMS_DETALLE   (ID, ITEM_ID, INICIO, FIN, DESCRIPCION) Values   (26733, 4449, parsedatetime('12/14/2012 10:00:00', 'MM/dd/yyy HH:mm:ss'), parsedatetime('12/14/2012 11:00:00', 'MM/dd/yyy HH:mm:ss'), NULL);
Insert into HOR_ITEMS_DETALLE   (ID, ITEM_ID, INICIO, FIN, DESCRIPCION) Values   (26734, 4448, parsedatetime('12/14/2012 11:30:00', 'MM/dd/yyy HH:mm:ss'), parsedatetime('12/14/2012 13:30:00', 'MM/dd/yyy HH:mm:ss'), NULL);
Insert into HOR_ITEMS_DETALLE   (ID, ITEM_ID, INICIO, FIN, DESCRIPCION) Values   (26735, 4447, parsedatetime('12/14/2012 13:30:00', 'MM/dd/yyy HH:mm:ss'), parsedatetime('12/14/2012 14:30:00', 'MM/dd/yyy HH:mm:ss'), NULL);
Insert into HOR_ITEMS_DETALLE   (ID, ITEM_ID, INICIO, FIN, DESCRIPCION) Values   (26736, 4449, parsedatetime('12/21/2012 10:00:00', 'MM/dd/yyy HH:mm:ss'), parsedatetime('12/21/2012 11:00:00', 'MM/dd/yyy HH:mm:ss'), NULL);
Insert into HOR_ITEMS_DETALLE   (ID, ITEM_ID, INICIO, FIN, DESCRIPCION) Values   (26737, 4448, parsedatetime('12/21/2012 11:30:00', 'MM/dd/yyy HH:mm:ss'), parsedatetime('12/21/2012 13:30:00', 'MM/dd/yyy HH:mm:ss'), NULL);
Insert into HOR_ITEMS_DETALLE   (ID, ITEM_ID, INICIO, FIN, DESCRIPCION) Values   (26738, 4447, parsedatetime('12/21/2012 13:30:00', 'MM/dd/yyy HH:mm:ss'), parsedatetime('12/21/2012 14:30:00', 'MM/dd/yyy HH:mm:ss'), NULL);
Insert into HOR_ITEMS_DETALLE   (ID, ITEM_ID, INICIO, FIN, DESCRIPCION) Values   (26739, 4449, parsedatetime('12/21/2012 10:00:00', 'MM/dd/yyy HH:mm:ss'), parsedatetime('12/21/2012 11:00:00', 'MM/dd/yyy HH:mm:ss'), NULL);
Insert into HOR_ITEMS_DETALLE   (ID, ITEM_ID, INICIO, FIN, DESCRIPCION) Values   (26740, 4448, parsedatetime('12/21/2012 11:30:00', 'MM/dd/yyy HH:mm:ss'), parsedatetime('12/21/2012 13:30:00', 'MM/dd/yyy HH:mm:ss'), NULL);
Insert into HOR_ITEMS_DETALLE   (ID, ITEM_ID, INICIO, FIN, DESCRIPCION) Values   (26741, 4447, parsedatetime('12/21/2012 13:30:00', 'MM/dd/yyy HH:mm:ss'), parsedatetime('12/21/2012 14:30:00', 'MM/dd/yyy HH:mm:ss'), NULL);
Insert into HOR_ITEMS_DETALLE   (ID, ITEM_ID, INICIO, FIN, DESCRIPCION) Values   (26742, 4449, parsedatetime('12/21/2012 10:00:00', 'MM/dd/yyy HH:mm:ss'), parsedatetime('12/21/2012 11:00:00', 'MM/dd/yyy HH:mm:ss'), NULL);
Insert into HOR_ITEMS_DETALLE   (ID, ITEM_ID, INICIO, FIN, DESCRIPCION) Values   (26743, 4448, parsedatetime('12/21/2012 11:30:00', 'MM/dd/yyy HH:mm:ss'), parsedatetime('12/21/2012 13:30:00', 'MM/dd/yyy HH:mm:ss'), NULL);
Insert into HOR_ITEMS_DETALLE   (ID, ITEM_ID, INICIO, FIN, DESCRIPCION) Values   (26744, 4447, parsedatetime('12/21/2012 13:30:00', 'MM/dd/yyy HH:mm:ss'), parsedatetime('12/21/2012 14:30:00', 'MM/dd/yyy HH:mm:ss'), NULL);
Insert into HOR_ITEMS_DETALLE   (ID, ITEM_ID, INICIO, FIN, DESCRIPCION) Values   (26745, 4446, parsedatetime('09/21/2012 10:00:00', 'MM/dd/yyy HH:mm:ss'), parsedatetime('09/21/2012 11:00:00', 'MM/dd/yyy HH:mm:ss'), NULL);
Insert into HOR_ITEMS_DETALLE   (ID, ITEM_ID, INICIO, FIN, DESCRIPCION) Values   (26746, 4445, parsedatetime('09/21/2012 11:30:00', 'MM/dd/yyy HH:mm:ss'), parsedatetime('09/21/2012 13:30:00', 'MM/dd/yyy HH:mm:ss'), NULL);
Insert into HOR_ITEMS_DETALLE   (ID, ITEM_ID, INICIO, FIN, DESCRIPCION) Values   (26747, 4444, parsedatetime('09/21/2012 13:30:00', 'MM/dd/yyy HH:mm:ss'), parsedatetime('09/21/2012 14:30:00', 'MM/dd/yyy HH:mm:ss'), NULL);
Insert into HOR_ITEMS_DETALLE   (ID, ITEM_ID, INICIO, FIN, DESCRIPCION) Values   (26748, 4446, parsedatetime('09/21/2012 10:00:00', 'MM/dd/yyy HH:mm:ss'), parsedatetime('09/21/2012 11:00:00', 'MM/dd/yyy HH:mm:ss'), NULL);
Insert into HOR_ITEMS_DETALLE   (ID, ITEM_ID, INICIO, FIN, DESCRIPCION) Values   (26749, 4445, parsedatetime('09/21/2012 11:30:00', 'MM/dd/yyy HH:mm:ss'), parsedatetime('09/21/2012 13:30:00', 'MM/dd/yyy HH:mm:ss'), NULL);
Insert into HOR_ITEMS_DETALLE   (ID, ITEM_ID, INICIO, FIN, DESCRIPCION) Values   (26750, 4444, parsedatetime('09/21/2012 13:30:00', 'MM/dd/yyy HH:mm:ss'), parsedatetime('09/21/2012 14:30:00', 'MM/dd/yyy HH:mm:ss'), NULL);
Insert into HOR_ITEMS_DETALLE   (ID, ITEM_ID, INICIO, FIN, DESCRIPCION) Values   (26751, 4446, parsedatetime('09/21/2012 10:00:00', 'MM/dd/yyy HH:mm:ss'), parsedatetime('09/21/2012 11:00:00', 'MM/dd/yyy HH:mm:ss'), NULL);
Insert into HOR_ITEMS_DETALLE   (ID, ITEM_ID, INICIO, FIN, DESCRIPCION) Values   (26752, 4445, parsedatetime('09/21/2012 11:30:00', 'MM/dd/yyy HH:mm:ss'), parsedatetime('09/21/2012 13:30:00', 'MM/dd/yyy HH:mm:ss'), NULL);
Insert into HOR_ITEMS_DETALLE   (ID, ITEM_ID, INICIO, FIN, DESCRIPCION) Values   (26753, 4444, parsedatetime('09/21/2012 13:30:00', 'MM/dd/yyy HH:mm:ss'), parsedatetime('09/21/2012 14:30:00', 'MM/dd/yyy HH:mm:ss'), NULL);
Insert into HOR_ITEMS_DETALLE   (ID, ITEM_ID, INICIO, FIN, DESCRIPCION) Values   (26754, 4446, parsedatetime('09/28/2012 10:00:00', 'MM/dd/yyy HH:mm:ss'), parsedatetime('09/28/2012 11:00:00', 'MM/dd/yyy HH:mm:ss'), NULL);
Insert into HOR_ITEMS_DETALLE   (ID, ITEM_ID, INICIO, FIN, DESCRIPCION) Values   (26755, 4445, parsedatetime('09/28/2012 11:30:00', 'MM/dd/yyy HH:mm:ss'), parsedatetime('09/28/2012 13:30:00', 'MM/dd/yyy HH:mm:ss'), NULL);
Insert into HOR_ITEMS_DETALLE   (ID, ITEM_ID, INICIO, FIN, DESCRIPCION) Values   (26756, 4444, parsedatetime('09/28/2012 13:30:00', 'MM/dd/yyy HH:mm:ss'), parsedatetime('09/28/2012 14:30:00', 'MM/dd/yyy HH:mm:ss'), NULL);
Insert into HOR_ITEMS_DETALLE   (ID, ITEM_ID, INICIO, FIN, DESCRIPCION) Values   (26757, 4446, parsedatetime('09/28/2012 10:00:00', 'MM/dd/yyy HH:mm:ss'), parsedatetime('09/28/2012 11:00:00', 'MM/dd/yyy HH:mm:ss'), NULL);
Insert into HOR_ITEMS_DETALLE   (ID, ITEM_ID, INICIO, FIN, DESCRIPCION) Values   (26758, 4445, parsedatetime('09/28/2012 11:30:00', 'MM/dd/yyy HH:mm:ss'), parsedatetime('09/28/2012 13:30:00', 'MM/dd/yyy HH:mm:ss'), NULL);
Insert into HOR_ITEMS_DETALLE   (ID, ITEM_ID, INICIO, FIN, DESCRIPCION) Values   (26759, 4444, parsedatetime('09/28/2012 13:30:00', 'MM/dd/yyy HH:mm:ss'), parsedatetime('09/28/2012 14:30:00', 'MM/dd/yyy HH:mm:ss'), NULL);
Insert into HOR_ITEMS_DETALLE   (ID, ITEM_ID, INICIO, FIN, DESCRIPCION) Values   (26760, 4446, parsedatetime('09/28/2012 10:00:00', 'MM/dd/yyy HH:mm:ss'), parsedatetime('09/28/2012 11:00:00', 'MM/dd/yyy HH:mm:ss'), NULL);
Insert into HOR_ITEMS_DETALLE   (ID, ITEM_ID, INICIO, FIN, DESCRIPCION) Values   (26761, 4445, parsedatetime('09/28/2012 11:30:00', 'MM/dd/yyy HH:mm:ss'), parsedatetime('09/28/2012 13:30:00', 'MM/dd/yyy HH:mm:ss'), NULL);
Insert into HOR_ITEMS_DETALLE   (ID, ITEM_ID, INICIO, FIN, DESCRIPCION) Values   (26762, 4444, parsedatetime('09/28/2012 13:30:00', 'MM/dd/yyy HH:mm:ss'), parsedatetime('09/28/2012 14:30:00', 'MM/dd/yyy HH:mm:ss'), NULL);
Insert into HOR_ITEMS_DETALLE   (ID, ITEM_ID, INICIO, FIN, DESCRIPCION) Values   (26763, 4446, parsedatetime('10/05/2012 10:00:00', 'MM/dd/yyy HH:mm:ss'), parsedatetime('10/05/2012 11:00:00', 'MM/dd/yyy HH:mm:ss'), NULL);
Insert into HOR_ITEMS_DETALLE   (ID, ITEM_ID, INICIO, FIN, DESCRIPCION) Values   (26764, 4445, parsedatetime('10/05/2012 11:30:00', 'MM/dd/yyy HH:mm:ss'), parsedatetime('10/05/2012 13:30:00', 'MM/dd/yyy HH:mm:ss'), NULL);
Insert into HOR_ITEMS_DETALLE   (ID, ITEM_ID, INICIO, FIN, DESCRIPCION) Values   (26765, 4444, parsedatetime('10/05/2012 13:30:00', 'MM/dd/yyy HH:mm:ss'), parsedatetime('10/05/2012 14:30:00', 'MM/dd/yyy HH:mm:ss'), NULL);
Insert into HOR_ITEMS_DETALLE   (ID, ITEM_ID, INICIO, FIN, DESCRIPCION) Values   (26766, 4446, parsedatetime('10/05/2012 10:00:00', 'MM/dd/yyy HH:mm:ss'), parsedatetime('10/05/2012 11:00:00', 'MM/dd/yyy HH:mm:ss'), NULL);
Insert into HOR_ITEMS_DETALLE   (ID, ITEM_ID, INICIO, FIN, DESCRIPCION) Values   (26767, 4445, parsedatetime('10/05/2012 11:30:00', 'MM/dd/yyy HH:mm:ss'), parsedatetime('10/05/2012 13:30:00', 'MM/dd/yyy HH:mm:ss'), NULL);
Insert into HOR_ITEMS_DETALLE   (ID, ITEM_ID, INICIO, FIN, DESCRIPCION) Values   (26768, 4444, parsedatetime('10/05/2012 13:30:00', 'MM/dd/yyy HH:mm:ss'), parsedatetime('10/05/2012 14:30:00', 'MM/dd/yyy HH:mm:ss'), NULL);
Insert into HOR_ITEMS_DETALLE   (ID, ITEM_ID, INICIO, FIN, DESCRIPCION) Values   (26769, 4446, parsedatetime('10/05/2012 10:00:00', 'MM/dd/yyy HH:mm:ss'), parsedatetime('10/05/2012 11:00:00', 'MM/dd/yyy HH:mm:ss'), NULL);
Insert into HOR_ITEMS_DETALLE   (ID, ITEM_ID, INICIO, FIN, DESCRIPCION) Values   (26770, 4445, parsedatetime('10/05/2012 11:30:00', 'MM/dd/yyy HH:mm:ss'), parsedatetime('10/05/2012 13:30:00', 'MM/dd/yyy HH:mm:ss'), NULL);
Insert into HOR_ITEMS_DETALLE   (ID, ITEM_ID, INICIO, FIN, DESCRIPCION) Values   (26771, 4444, parsedatetime('10/05/2012 13:30:00', 'MM/dd/yyy HH:mm:ss'), parsedatetime('10/05/2012 14:30:00', 'MM/dd/yyy HH:mm:ss'), NULL);
Insert into HOR_ITEMS_DETALLE   (ID, ITEM_ID, INICIO, FIN, DESCRIPCION) Values   (26772, 4446, parsedatetime('10/19/2012 10:00:00', 'MM/dd/yyy HH:mm:ss'), parsedatetime('10/19/2012 11:00:00', 'MM/dd/yyy HH:mm:ss'), NULL);
Insert into HOR_ITEMS_DETALLE   (ID, ITEM_ID, INICIO, FIN, DESCRIPCION) Values   (26773, 4445, parsedatetime('10/19/2012 11:30:00', 'MM/dd/yyy HH:mm:ss'), parsedatetime('10/19/2012 13:30:00', 'MM/dd/yyy HH:mm:ss'), NULL);
Insert into HOR_ITEMS_DETALLE   (ID, ITEM_ID, INICIO, FIN, DESCRIPCION) Values   (26774, 4444, parsedatetime('10/19/2012 13:30:00', 'MM/dd/yyy HH:mm:ss'), parsedatetime('10/19/2012 14:30:00', 'MM/dd/yyy HH:mm:ss'), NULL);
Insert into HOR_ITEMS_DETALLE   (ID, ITEM_ID, INICIO, FIN, DESCRIPCION) Values   (26775, 4446, parsedatetime('10/19/2012 10:00:00', 'MM/dd/yyy HH:mm:ss'), parsedatetime('10/19/2012 11:00:00', 'MM/dd/yyy HH:mm:ss'), NULL);
Insert into HOR_ITEMS_DETALLE   (ID, ITEM_ID, INICIO, FIN, DESCRIPCION) Values   (26776, 4445, parsedatetime('10/19/2012 11:30:00', 'MM/dd/yyy HH:mm:ss'), parsedatetime('10/19/2012 13:30:00', 'MM/dd/yyy HH:mm:ss'), NULL);
Insert into HOR_ITEMS_DETALLE   (ID, ITEM_ID, INICIO, FIN, DESCRIPCION) Values   (26777, 4444, parsedatetime('10/19/2012 13:30:00', 'MM/dd/yyy HH:mm:ss'), parsedatetime('10/19/2012 14:30:00', 'MM/dd/yyy HH:mm:ss'), NULL);
Insert into HOR_ITEMS_DETALLE   (ID, ITEM_ID, INICIO, FIN, DESCRIPCION) Values   (26778, 4446, parsedatetime('10/19/2012 10:00:00', 'MM/dd/yyy HH:mm:ss'), parsedatetime('10/19/2012 11:00:00', 'MM/dd/yyy HH:mm:ss'), NULL);
Insert into HOR_ITEMS_DETALLE   (ID, ITEM_ID, INICIO, FIN, DESCRIPCION) Values   (26779, 4445, parsedatetime('10/19/2012 11:30:00', 'MM/dd/yyy HH:mm:ss'), parsedatetime('10/19/2012 13:30:00', 'MM/dd/yyy HH:mm:ss'), NULL);
Insert into HOR_ITEMS_DETALLE   (ID, ITEM_ID, INICIO, FIN, DESCRIPCION) Values   (26780, 4444, parsedatetime('10/19/2012 13:30:00', 'MM/dd/yyy HH:mm:ss'), parsedatetime('10/19/2012 14:30:00', 'MM/dd/yyy HH:mm:ss'), NULL);
Insert into HOR_ITEMS_DETALLE   (ID, ITEM_ID, INICIO, FIN, DESCRIPCION) Values   (26781, 4446, parsedatetime('10/26/2012 10:00:00', 'MM/dd/yyy HH:mm:ss'), parsedatetime('10/26/2012 11:00:00', 'MM/dd/yyy HH:mm:ss'), NULL);
Insert into HOR_ITEMS_DETALLE   (ID, ITEM_ID, INICIO, FIN, DESCRIPCION) Values   (26782, 4445, parsedatetime('10/26/2012 11:30:00', 'MM/dd/yyy HH:mm:ss'), parsedatetime('10/26/2012 13:30:00', 'MM/dd/yyy HH:mm:ss'), NULL);
Insert into HOR_ITEMS_DETALLE   (ID, ITEM_ID, INICIO, FIN, DESCRIPCION) Values   (26783, 4444, parsedatetime('10/26/2012 13:30:00', 'MM/dd/yyy HH:mm:ss'), parsedatetime('10/26/2012 14:30:00', 'MM/dd/yyy HH:mm:ss'), NULL);
Insert into HOR_ITEMS_DETALLE   (ID, ITEM_ID, INICIO, FIN, DESCRIPCION) Values   (26784, 4446, parsedatetime('10/26/2012 10:00:00', 'MM/dd/yyy HH:mm:ss'), parsedatetime('10/26/2012 11:00:00', 'MM/dd/yyy HH:mm:ss'), NULL);
Insert into HOR_ITEMS_DETALLE   (ID, ITEM_ID, INICIO, FIN, DESCRIPCION) Values   (26785, 4445, parsedatetime('10/26/2012 11:30:00', 'MM/dd/yyy HH:mm:ss'), parsedatetime('10/26/2012 13:30:00', 'MM/dd/yyy HH:mm:ss'), NULL);
Insert into HOR_ITEMS_DETALLE   (ID, ITEM_ID, INICIO, FIN, DESCRIPCION) Values   (26786, 4444, parsedatetime('10/26/2012 13:30:00', 'MM/dd/yyy HH:mm:ss'), parsedatetime('10/26/2012 14:30:00', 'MM/dd/yyy HH:mm:ss'), NULL);
Insert into HOR_ITEMS_DETALLE   (ID, ITEM_ID, INICIO, FIN, DESCRIPCION) Values   (26787, 4446, parsedatetime('10/26/2012 10:00:00', 'MM/dd/yyy HH:mm:ss'), parsedatetime('10/26/2012 11:00:00', 'MM/dd/yyy HH:mm:ss'), NULL);
Insert into HOR_ITEMS_DETALLE   (ID, ITEM_ID, INICIO, FIN, DESCRIPCION) Values   (26788, 4445, parsedatetime('10/26/2012 11:30:00', 'MM/dd/yyy HH:mm:ss'), parsedatetime('10/26/2012 13:30:00', 'MM/dd/yyy HH:mm:ss'), NULL);
Insert into HOR_ITEMS_DETALLE   (ID, ITEM_ID, INICIO, FIN, DESCRIPCION) Values   (26789, 4444, parsedatetime('10/26/2012 13:30:00', 'MM/dd/yyy HH:mm:ss'), parsedatetime('10/26/2012 14:30:00', 'MM/dd/yyy HH:mm:ss'), NULL);
Insert into HOR_ITEMS_DETALLE   (ID, ITEM_ID, INICIO, FIN, DESCRIPCION) Values   (26790, 4446, parsedatetime('11/02/2012 10:00:00', 'MM/dd/yyy HH:mm:ss'), parsedatetime('11/02/2012 11:00:00', 'MM/dd/yyy HH:mm:ss'), NULL);
Insert into HOR_ITEMS_DETALLE   (ID, ITEM_ID, INICIO, FIN, DESCRIPCION) Values   (26791, 4445, parsedatetime('11/02/2012 11:30:00', 'MM/dd/yyy HH:mm:ss'), parsedatetime('11/02/2012 13:30:00', 'MM/dd/yyy HH:mm:ss'), NULL);
Insert into HOR_ITEMS_DETALLE   (ID, ITEM_ID, INICIO, FIN, DESCRIPCION) Values   (26792, 4444, parsedatetime('11/02/2012 13:30:00', 'MM/dd/yyy HH:mm:ss'), parsedatetime('11/02/2012 14:30:00', 'MM/dd/yyy HH:mm:ss'), NULL);
Insert into HOR_ITEMS_DETALLE   (ID, ITEM_ID, INICIO, FIN, DESCRIPCION) Values   (26793, 4446, parsedatetime('11/02/2012 10:00:00', 'MM/dd/yyy HH:mm:ss'), parsedatetime('11/02/2012 11:00:00', 'MM/dd/yyy HH:mm:ss'), NULL);
Insert into HOR_ITEMS_DETALLE   (ID, ITEM_ID, INICIO, FIN, DESCRIPCION) Values   (26794, 4445, parsedatetime('11/02/2012 11:30:00', 'MM/dd/yyy HH:mm:ss'), parsedatetime('11/02/2012 13:30:00', 'MM/dd/yyy HH:mm:ss'), NULL);
Insert into HOR_ITEMS_DETALLE   (ID, ITEM_ID, INICIO, FIN, DESCRIPCION) Values   (26795, 4444, parsedatetime('11/02/2012 13:30:00', 'MM/dd/yyy HH:mm:ss'), parsedatetime('11/02/2012 14:30:00', 'MM/dd/yyy HH:mm:ss'), NULL);
Insert into HOR_ITEMS_DETALLE   (ID, ITEM_ID, INICIO, FIN, DESCRIPCION) Values   (26796, 4446, parsedatetime('11/02/2012 10:00:00', 'MM/dd/yyy HH:mm:ss'), parsedatetime('11/02/2012 11:00:00', 'MM/dd/yyy HH:mm:ss'), NULL);
Insert into HOR_ITEMS_DETALLE   (ID, ITEM_ID, INICIO, FIN, DESCRIPCION) Values   (26797, 4445, parsedatetime('11/02/2012 11:30:00', 'MM/dd/yyy HH:mm:ss'), parsedatetime('11/02/2012 13:30:00', 'MM/dd/yyy HH:mm:ss'), NULL);
Insert into HOR_ITEMS_DETALLE   (ID, ITEM_ID, INICIO, FIN, DESCRIPCION) Values   (26798, 4444, parsedatetime('11/02/2012 13:30:00', 'MM/dd/yyy HH:mm:ss'), parsedatetime('11/02/2012 14:30:00', 'MM/dd/yyy HH:mm:ss'), NULL);
Insert into HOR_ITEMS_DETALLE   (ID, ITEM_ID, INICIO, FIN, DESCRIPCION) Values   (26799, 4446, parsedatetime('11/09/2012 10:00:00', 'MM/dd/yyy HH:mm:ss'), parsedatetime('11/09/2012 11:00:00', 'MM/dd/yyy HH:mm:ss'), NULL);
Insert into HOR_ITEMS_DETALLE   (ID, ITEM_ID, INICIO, FIN, DESCRIPCION) Values   (26800, 4445, parsedatetime('11/09/2012 11:30:00', 'MM/dd/yyy HH:mm:ss'), parsedatetime('11/09/2012 13:30:00', 'MM/dd/yyy HH:mm:ss'), NULL);
Insert into HOR_ITEMS_DETALLE   (ID, ITEM_ID, INICIO, FIN, DESCRIPCION) Values   (26801, 4444, parsedatetime('11/09/2012 13:30:00', 'MM/dd/yyy HH:mm:ss'), parsedatetime('11/09/2012 14:30:00', 'MM/dd/yyy HH:mm:ss'), NULL);
Insert into HOR_ITEMS_DETALLE   (ID, ITEM_ID, INICIO, FIN, DESCRIPCION) Values   (26802, 4446, parsedatetime('11/09/2012 10:00:00', 'MM/dd/yyy HH:mm:ss'), parsedatetime('11/09/2012 11:00:00', 'MM/dd/yyy HH:mm:ss'), NULL);
Insert into HOR_ITEMS_DETALLE   (ID, ITEM_ID, INICIO, FIN, DESCRIPCION) Values   (26803, 4445, parsedatetime('11/09/2012 11:30:00', 'MM/dd/yyy HH:mm:ss'), parsedatetime('11/09/2012 13:30:00', 'MM/dd/yyy HH:mm:ss'), NULL);
Insert into HOR_ITEMS_DETALLE   (ID, ITEM_ID, INICIO, FIN, DESCRIPCION) Values   (26804, 4444, parsedatetime('11/09/2012 13:30:00', 'MM/dd/yyy HH:mm:ss'), parsedatetime('11/09/2012 14:30:00', 'MM/dd/yyy HH:mm:ss'), NULL);
Insert into HOR_ITEMS_DETALLE   (ID, ITEM_ID, INICIO, FIN, DESCRIPCION) Values   (26805, 4446, parsedatetime('11/09/2012 10:00:00', 'MM/dd/yyy HH:mm:ss'), parsedatetime('11/09/2012 11:00:00', 'MM/dd/yyy HH:mm:ss'), NULL);
Insert into HOR_ITEMS_DETALLE   (ID, ITEM_ID, INICIO, FIN, DESCRIPCION) Values   (26806, 4445, parsedatetime('11/09/2012 11:30:00', 'MM/dd/yyy HH:mm:ss'), parsedatetime('11/09/2012 13:30:00', 'MM/dd/yyy HH:mm:ss'), NULL);
Insert into HOR_ITEMS_DETALLE   (ID, ITEM_ID, INICIO, FIN, DESCRIPCION) Values   (26807, 4444, parsedatetime('11/09/2012 13:30:00', 'MM/dd/yyy HH:mm:ss'), parsedatetime('11/09/2012 14:30:00', 'MM/dd/yyy HH:mm:ss'), NULL);
Insert into HOR_ITEMS_DETALLE   (ID, ITEM_ID, INICIO, FIN, DESCRIPCION) Values   (26808, 4446, parsedatetime('11/16/2012 10:00:00', 'MM/dd/yyy HH:mm:ss'), parsedatetime('11/16/2012 11:00:00', 'MM/dd/yyy HH:mm:ss'), NULL);
Insert into HOR_ITEMS_DETALLE   (ID, ITEM_ID, INICIO, FIN, DESCRIPCION) Values   (26809, 4445, parsedatetime('11/16/2012 11:30:00', 'MM/dd/yyy HH:mm:ss'), parsedatetime('11/16/2012 13:30:00', 'MM/dd/yyy HH:mm:ss'), NULL);
Insert into HOR_ITEMS_DETALLE   (ID, ITEM_ID, INICIO, FIN, DESCRIPCION) Values   (26810, 4444, parsedatetime('11/16/2012 13:30:00', 'MM/dd/yyy HH:mm:ss'), parsedatetime('11/16/2012 14:30:00', 'MM/dd/yyy HH:mm:ss'), NULL);
Insert into HOR_ITEMS_DETALLE   (ID, ITEM_ID, INICIO, FIN, DESCRIPCION) Values   (26811, 4446, parsedatetime('11/16/2012 10:00:00', 'MM/dd/yyy HH:mm:ss'), parsedatetime('11/16/2012 11:00:00', 'MM/dd/yyy HH:mm:ss'), NULL);
Insert into HOR_ITEMS_DETALLE   (ID, ITEM_ID, INICIO, FIN, DESCRIPCION) Values   (26812, 4445, parsedatetime('11/16/2012 11:30:00', 'MM/dd/yyy HH:mm:ss'), parsedatetime('11/16/2012 13:30:00', 'MM/dd/yyy HH:mm:ss'), NULL);
Insert into HOR_ITEMS_DETALLE   (ID, ITEM_ID, INICIO, FIN, DESCRIPCION) Values   (26813, 4444, parsedatetime('11/16/2012 13:30:00', 'MM/dd/yyy HH:mm:ss'), parsedatetime('11/16/2012 14:30:00', 'MM/dd/yyy HH:mm:ss'), NULL);
Insert into HOR_ITEMS_DETALLE   (ID, ITEM_ID, INICIO, FIN, DESCRIPCION) Values   (26814, 4446, parsedatetime('11/16/2012 10:00:00', 'MM/dd/yyy HH:mm:ss'), parsedatetime('11/16/2012 11:00:00', 'MM/dd/yyy HH:mm:ss'), NULL);
Insert into HOR_ITEMS_DETALLE   (ID, ITEM_ID, INICIO, FIN, DESCRIPCION) Values   (26815, 4445, parsedatetime('11/16/2012 11:30:00', 'MM/dd/yyy HH:mm:ss'), parsedatetime('11/16/2012 13:30:00', 'MM/dd/yyy HH:mm:ss'), NULL);
Insert into HOR_ITEMS_DETALLE   (ID, ITEM_ID, INICIO, FIN, DESCRIPCION) Values   (26816, 4444, parsedatetime('11/16/2012 13:30:00', 'MM/dd/yyy HH:mm:ss'), parsedatetime('11/16/2012 14:30:00', 'MM/dd/yyy HH:mm:ss'), NULL);
Insert into HOR_ITEMS_DETALLE   (ID, ITEM_ID, INICIO, FIN, DESCRIPCION) Values   (26817, 4446, parsedatetime('11/23/2012 10:00:00', 'MM/dd/yyy HH:mm:ss'), parsedatetime('11/23/2012 11:00:00', 'MM/dd/yyy HH:mm:ss'), NULL);
Insert into HOR_ITEMS_DETALLE   (ID, ITEM_ID, INICIO, FIN, DESCRIPCION) Values   (26818, 4445, parsedatetime('11/23/2012 11:30:00', 'MM/dd/yyy HH:mm:ss'), parsedatetime('11/23/2012 13:30:00', 'MM/dd/yyy HH:mm:ss'), NULL);
Insert into HOR_ITEMS_DETALLE   (ID, ITEM_ID, INICIO, FIN, DESCRIPCION) Values   (26819, 4444, parsedatetime('11/23/2012 13:30:00', 'MM/dd/yyy HH:mm:ss'), parsedatetime('11/23/2012 14:30:00', 'MM/dd/yyy HH:mm:ss'), NULL);
Insert into HOR_ITEMS_DETALLE   (ID, ITEM_ID, INICIO, FIN, DESCRIPCION) Values   (26820, 4446, parsedatetime('11/23/2012 10:00:00', 'MM/dd/yyy HH:mm:ss'), parsedatetime('11/23/2012 11:00:00', 'MM/dd/yyy HH:mm:ss'), NULL);
Insert into HOR_ITEMS_DETALLE   (ID, ITEM_ID, INICIO, FIN, DESCRIPCION) Values   (26821, 4445, parsedatetime('11/23/2012 11:30:00', 'MM/dd/yyy HH:mm:ss'), parsedatetime('11/23/2012 13:30:00', 'MM/dd/yyy HH:mm:ss'), NULL);
Insert into HOR_ITEMS_DETALLE   (ID, ITEM_ID, INICIO, FIN, DESCRIPCION) Values   (26822, 4444, parsedatetime('11/23/2012 13:30:00', 'MM/dd/yyy HH:mm:ss'), parsedatetime('11/23/2012 14:30:00', 'MM/dd/yyy HH:mm:ss'), NULL);
Insert into HOR_ITEMS_DETALLE   (ID, ITEM_ID, INICIO, FIN, DESCRIPCION) Values   (26823, 4446, parsedatetime('11/23/2012 10:00:00', 'MM/dd/yyy HH:mm:ss'), parsedatetime('11/23/2012 11:00:00', 'MM/dd/yyy HH:mm:ss'), NULL);
Insert into HOR_ITEMS_DETALLE   (ID, ITEM_ID, INICIO, FIN, DESCRIPCION) Values   (26824, 4445, parsedatetime('11/23/2012 11:30:00', 'MM/dd/yyy HH:mm:ss'), parsedatetime('11/23/2012 13:30:00', 'MM/dd/yyy HH:mm:ss'), NULL);
Insert into HOR_ITEMS_DETALLE   (ID, ITEM_ID, INICIO, FIN, DESCRIPCION) Values   (26825, 4444, parsedatetime('11/23/2012 13:30:00', 'MM/dd/yyy HH:mm:ss'), parsedatetime('11/23/2012 14:30:00', 'MM/dd/yyy HH:mm:ss'), NULL);
Insert into HOR_ITEMS_DETALLE   (ID, ITEM_ID, INICIO, FIN, DESCRIPCION) Values   (26826, 4446, parsedatetime('11/30/2012 10:00:00', 'MM/dd/yyy HH:mm:ss'), parsedatetime('11/30/2012 11:00:00', 'MM/dd/yyy HH:mm:ss'), NULL);
Insert into HOR_ITEMS_DETALLE   (ID, ITEM_ID, INICIO, FIN, DESCRIPCION) Values   (26827, 4445, parsedatetime('11/30/2012 11:30:00', 'MM/dd/yyy HH:mm:ss'), parsedatetime('11/30/2012 13:30:00', 'MM/dd/yyy HH:mm:ss'), NULL);
Insert into HOR_ITEMS_DETALLE   (ID, ITEM_ID, INICIO, FIN, DESCRIPCION) Values   (26828, 4444, parsedatetime('11/30/2012 13:30:00', 'MM/dd/yyy HH:mm:ss'), parsedatetime('11/30/2012 14:30:00', 'MM/dd/yyy HH:mm:ss'), NULL);
Insert into HOR_ITEMS_DETALLE   (ID, ITEM_ID, INICIO, FIN, DESCRIPCION) Values   (26829, 4446, parsedatetime('11/30/2012 10:00:00', 'MM/dd/yyy HH:mm:ss'), parsedatetime('11/30/2012 11:00:00', 'MM/dd/yyy HH:mm:ss'), NULL);
Insert into HOR_ITEMS_DETALLE   (ID, ITEM_ID, INICIO, FIN, DESCRIPCION) Values   (26830, 4445, parsedatetime('11/30/2012 11:30:00', 'MM/dd/yyy HH:mm:ss'), parsedatetime('11/30/2012 13:30:00', 'MM/dd/yyy HH:mm:ss'), NULL);
Insert into HOR_ITEMS_DETALLE   (ID, ITEM_ID, INICIO, FIN, DESCRIPCION) Values   (26831, 4444, parsedatetime('11/30/2012 13:30:00', 'MM/dd/yyy HH:mm:ss'), parsedatetime('11/30/2012 14:30:00', 'MM/dd/yyy HH:mm:ss'), NULL);
Insert into HOR_ITEMS_DETALLE   (ID, ITEM_ID, INICIO, FIN, DESCRIPCION) Values   (26832, 4446, parsedatetime('11/30/2012 10:00:00', 'MM/dd/yyy HH:mm:ss'), parsedatetime('11/30/2012 11:00:00', 'MM/dd/yyy HH:mm:ss'), NULL);
Insert into HOR_ITEMS_DETALLE   (ID, ITEM_ID, INICIO, FIN, DESCRIPCION) Values   (26833, 4445, parsedatetime('11/30/2012 11:30:00', 'MM/dd/yyy HH:mm:ss'), parsedatetime('11/30/2012 13:30:00', 'MM/dd/yyy HH:mm:ss'), NULL);
Insert into HOR_ITEMS_DETALLE   (ID, ITEM_ID, INICIO, FIN, DESCRIPCION) Values   (26834, 4444, parsedatetime('11/30/2012 13:30:00', 'MM/dd/yyy HH:mm:ss'), parsedatetime('11/30/2012 14:30:00', 'MM/dd/yyy HH:mm:ss'), NULL);
Insert into HOR_ITEMS_DETALLE   (ID, ITEM_ID, INICIO, FIN, DESCRIPCION) Values   (26835, 4446, parsedatetime('12/07/2012 10:00:00', 'MM/dd/yyy HH:mm:ss'), parsedatetime('12/07/2012 11:00:00', 'MM/dd/yyy HH:mm:ss'), NULL);
Insert into HOR_ITEMS_DETALLE   (ID, ITEM_ID, INICIO, FIN, DESCRIPCION) Values   (26836, 4445, parsedatetime('12/07/2012 11:30:00', 'MM/dd/yyy HH:mm:ss'), parsedatetime('12/07/2012 13:30:00', 'MM/dd/yyy HH:mm:ss'), NULL);
Insert into HOR_ITEMS_DETALLE   (ID, ITEM_ID, INICIO, FIN, DESCRIPCION) Values   (26837, 4444, parsedatetime('12/07/2012 13:30:00', 'MM/dd/yyy HH:mm:ss'), parsedatetime('12/07/2012 14:30:00', 'MM/dd/yyy HH:mm:ss'), NULL);
Insert into HOR_ITEMS_DETALLE   (ID, ITEM_ID, INICIO, FIN, DESCRIPCION) Values   (26838, 4446, parsedatetime('12/07/2012 10:00:00', 'MM/dd/yyy HH:mm:ss'), parsedatetime('12/07/2012 11:00:00', 'MM/dd/yyy HH:mm:ss'), NULL);
Insert into HOR_ITEMS_DETALLE   (ID, ITEM_ID, INICIO, FIN, DESCRIPCION) Values   (26839, 4445, parsedatetime('12/07/2012 11:30:00', 'MM/dd/yyy HH:mm:ss'), parsedatetime('12/07/2012 13:30:00', 'MM/dd/yyy HH:mm:ss'), NULL);
Insert into HOR_ITEMS_DETALLE   (ID, ITEM_ID, INICIO, FIN, DESCRIPCION) Values   (26840, 4444, parsedatetime('12/07/2012 13:30:00', 'MM/dd/yyy HH:mm:ss'), parsedatetime('12/07/2012 14:30:00', 'MM/dd/yyy HH:mm:ss'), NULL);
Insert into HOR_ITEMS_DETALLE   (ID, ITEM_ID, INICIO, FIN, DESCRIPCION) Values   (26841, 4446, parsedatetime('12/07/2012 10:00:00', 'MM/dd/yyy HH:mm:ss'), parsedatetime('12/07/2012 11:00:00', 'MM/dd/yyy HH:mm:ss'), NULL);
Insert into HOR_ITEMS_DETALLE   (ID, ITEM_ID, INICIO, FIN, DESCRIPCION) Values   (26842, 4445, parsedatetime('12/07/2012 11:30:00', 'MM/dd/yyy HH:mm:ss'), parsedatetime('12/07/2012 13:30:00', 'MM/dd/yyy HH:mm:ss'), NULL);
Insert into HOR_ITEMS_DETALLE   (ID, ITEM_ID, INICIO, FIN, DESCRIPCION) Values   (26843, 4444, parsedatetime('12/07/2012 13:30:00', 'MM/dd/yyy HH:mm:ss'), parsedatetime('12/07/2012 14:30:00', 'MM/dd/yyy HH:mm:ss'), NULL);
Insert into HOR_ITEMS_DETALLE   (ID, ITEM_ID, INICIO, FIN, DESCRIPCION) Values   (26844, 4446, parsedatetime('12/14/2012 10:00:00', 'MM/dd/yyy HH:mm:ss'), parsedatetime('12/14/2012 11:00:00', 'MM/dd/yyy HH:mm:ss'), NULL);
Insert into HOR_ITEMS_DETALLE   (ID, ITEM_ID, INICIO, FIN, DESCRIPCION) Values   (26845, 4445, parsedatetime('12/14/2012 11:30:00', 'MM/dd/yyy HH:mm:ss'), parsedatetime('12/14/2012 13:30:00', 'MM/dd/yyy HH:mm:ss'), NULL);
Insert into HOR_ITEMS_DETALLE   (ID, ITEM_ID, INICIO, FIN, DESCRIPCION) Values   (26846, 4444, parsedatetime('12/14/2012 13:30:00', 'MM/dd/yyy HH:mm:ss'), parsedatetime('12/14/2012 14:30:00', 'MM/dd/yyy HH:mm:ss'), NULL);
Insert into HOR_ITEMS_DETALLE   (ID, ITEM_ID, INICIO, FIN, DESCRIPCION) Values   (26847, 4446, parsedatetime('12/14/2012 10:00:00', 'MM/dd/yyy HH:mm:ss'), parsedatetime('12/14/2012 11:00:00', 'MM/dd/yyy HH:mm:ss'), NULL);
Insert into HOR_ITEMS_DETALLE   (ID, ITEM_ID, INICIO, FIN, DESCRIPCION) Values   (26848, 4445, parsedatetime('12/14/2012 11:30:00', 'MM/dd/yyy HH:mm:ss'), parsedatetime('12/14/2012 13:30:00', 'MM/dd/yyy HH:mm:ss'), NULL);
Insert into HOR_ITEMS_DETALLE   (ID, ITEM_ID, INICIO, FIN, DESCRIPCION) Values   (26849, 4444, parsedatetime('12/14/2012 13:30:00', 'MM/dd/yyy HH:mm:ss'), parsedatetime('12/14/2012 14:30:00', 'MM/dd/yyy HH:mm:ss'), NULL);
Insert into HOR_ITEMS_DETALLE   (ID, ITEM_ID, INICIO, FIN, DESCRIPCION) Values   (26850, 4446, parsedatetime('12/14/2012 10:00:00', 'MM/dd/yyy HH:mm:ss'), parsedatetime('12/14/2012 11:00:00', 'MM/dd/yyy HH:mm:ss'), NULL);
Insert into HOR_ITEMS_DETALLE   (ID, ITEM_ID, INICIO, FIN, DESCRIPCION) Values   (26851, 4445, parsedatetime('12/14/2012 11:30:00', 'MM/dd/yyy HH:mm:ss'), parsedatetime('12/14/2012 13:30:00', 'MM/dd/yyy HH:mm:ss'), NULL);
Insert into HOR_ITEMS_DETALLE   (ID, ITEM_ID, INICIO, FIN, DESCRIPCION) Values   (26852, 4444, parsedatetime('12/14/2012 13:30:00', 'MM/dd/yyy HH:mm:ss'), parsedatetime('12/14/2012 14:30:00', 'MM/dd/yyy HH:mm:ss'), NULL);
Insert into HOR_ITEMS_DETALLE   (ID, ITEM_ID, INICIO, FIN, DESCRIPCION) Values   (26853, 4446, parsedatetime('12/21/2012 10:00:00', 'MM/dd/yyy HH:mm:ss'), parsedatetime('12/21/2012 11:00:00', 'MM/dd/yyy HH:mm:ss'), NULL);
Insert into HOR_ITEMS_DETALLE   (ID, ITEM_ID, INICIO, FIN, DESCRIPCION) Values   (26854, 4445, parsedatetime('12/21/2012 11:30:00', 'MM/dd/yyy HH:mm:ss'), parsedatetime('12/21/2012 13:30:00', 'MM/dd/yyy HH:mm:ss'), NULL);
Insert into HOR_ITEMS_DETALLE   (ID, ITEM_ID, INICIO, FIN, DESCRIPCION) Values   (26855, 4444, parsedatetime('12/21/2012 13:30:00', 'MM/dd/yyy HH:mm:ss'), parsedatetime('12/21/2012 14:30:00', 'MM/dd/yyy HH:mm:ss'), NULL);
Insert into HOR_ITEMS_DETALLE   (ID, ITEM_ID, INICIO, FIN, DESCRIPCION) Values   (26856, 4446, parsedatetime('12/21/2012 10:00:00', 'MM/dd/yyy HH:mm:ss'), parsedatetime('12/21/2012 11:00:00', 'MM/dd/yyy HH:mm:ss'), NULL);
Insert into HOR_ITEMS_DETALLE   (ID, ITEM_ID, INICIO, FIN, DESCRIPCION) Values   (26857, 4445, parsedatetime('12/21/2012 11:30:00', 'MM/dd/yyy HH:mm:ss'), parsedatetime('12/21/2012 13:30:00', 'MM/dd/yyy HH:mm:ss'), NULL);
Insert into HOR_ITEMS_DETALLE   (ID, ITEM_ID, INICIO, FIN, DESCRIPCION) Values   (26858, 4444, parsedatetime('12/21/2012 13:30:00', 'MM/dd/yyy HH:mm:ss'), parsedatetime('12/21/2012 14:30:00', 'MM/dd/yyy HH:mm:ss'), NULL);
Insert into HOR_ITEMS_DETALLE   (ID, ITEM_ID, INICIO, FIN, DESCRIPCION) Values   (26859, 4446, parsedatetime('12/21/2012 10:00:00', 'MM/dd/yyy HH:mm:ss'), parsedatetime('12/21/2012 11:00:00', 'MM/dd/yyy HH:mm:ss'), NULL);
Insert into HOR_ITEMS_DETALLE   (ID, ITEM_ID, INICIO, FIN, DESCRIPCION) Values   (26860, 4445, parsedatetime('12/21/2012 11:30:00', 'MM/dd/yyy HH:mm:ss'), parsedatetime('12/21/2012 13:30:00', 'MM/dd/yyy HH:mm:ss'), NULL);
Insert into HOR_ITEMS_DETALLE   (ID, ITEM_ID, INICIO, FIN, DESCRIPCION) Values   (26861, 4444, parsedatetime('12/21/2012 13:30:00', 'MM/dd/yyy HH:mm:ss'), parsedatetime('12/21/2012 14:30:00', 'MM/dd/yyy HH:mm:ss'), NULL);
Insert into HOR_ITEMS_DETALLE   (ID, ITEM_ID, INICIO, FIN, DESCRIPCION) Values   (862957, 814768, parsedatetime('09/21/2012 15:30:00', 'MM/dd/yyy HH:mm:ss'), parsedatetime('09/21/2012 16:30:00', 'MM/dd/yyy HH:mm:ss'), NULL);
Insert into HOR_ITEMS_DETALLE   (ID, ITEM_ID, INICIO, FIN, DESCRIPCION) Values   (862958, 814768, parsedatetime('09/28/2012 15:30:00', 'MM/dd/yyy HH:mm:ss'), parsedatetime('09/28/2012 16:30:00', 'MM/dd/yyy HH:mm:ss'), NULL);
Insert into HOR_ITEMS_DETALLE   (ID, ITEM_ID, INICIO, FIN, DESCRIPCION) Values   (862959, 814768, parsedatetime('10/05/2012 15:30:00', 'MM/dd/yyy HH:mm:ss'), parsedatetime('10/05/2012 16:30:00', 'MM/dd/yyy HH:mm:ss'), NULL);
Insert into HOR_ITEMS_DETALLE   (ID, ITEM_ID, INICIO, FIN, DESCRIPCION) Values   (862960, 814768, parsedatetime('10/19/2012 15:30:00', 'MM/dd/yyy HH:mm:ss'), parsedatetime('10/19/2012 16:30:00', 'MM/dd/yyy HH:mm:ss'), NULL);
Insert into HOR_ITEMS_DETALLE   (ID, ITEM_ID, INICIO, FIN, DESCRIPCION) Values   (862961, 814768, parsedatetime('10/26/2012 15:30:00', 'MM/dd/yyy HH:mm:ss'), parsedatetime('10/26/2012 16:30:00', 'MM/dd/yyy HH:mm:ss'), NULL);
Insert into HOR_ITEMS_DETALLE   (ID, ITEM_ID, INICIO, FIN, DESCRIPCION) Values   (862962, 814768, parsedatetime('11/02/2012 15:30:00', 'MM/dd/yyy HH:mm:ss'), parsedatetime('11/02/2012 16:30:00', 'MM/dd/yyy HH:mm:ss'), NULL);
Insert into HOR_ITEMS_DETALLE   (ID, ITEM_ID, INICIO, FIN, DESCRIPCION) Values   (862963, 814768, parsedatetime('11/09/2012 15:30:00', 'MM/dd/yyy HH:mm:ss'), parsedatetime('11/09/2012 16:30:00', 'MM/dd/yyy HH:mm:ss'), NULL);
Insert into HOR_ITEMS_DETALLE   (ID, ITEM_ID, INICIO, FIN, DESCRIPCION) Values   (862964, 814768, parsedatetime('11/16/2012 15:30:00', 'MM/dd/yyy HH:mm:ss'), parsedatetime('11/16/2012 16:30:00', 'MM/dd/yyy HH:mm:ss'), NULL);
Insert into HOR_ITEMS_DETALLE   (ID, ITEM_ID, INICIO, FIN, DESCRIPCION) Values   (862965, 814768, parsedatetime('11/23/2012 15:30:00', 'MM/dd/yyy HH:mm:ss'), parsedatetime('11/23/2012 16:30:00', 'MM/dd/yyy HH:mm:ss'), NULL);
Insert into HOR_ITEMS_DETALLE   (ID, ITEM_ID, INICIO, FIN, DESCRIPCION) Values   (862966, 814768, parsedatetime('11/30/2012 15:30:00', 'MM/dd/yyy HH:mm:ss'), parsedatetime('11/30/2012 16:30:00', 'MM/dd/yyy HH:mm:ss'), NULL);
Insert into HOR_ITEMS_DETALLE   (ID, ITEM_ID, INICIO, FIN, DESCRIPCION) Values   (862967, 814768, parsedatetime('12/07/2012 15:30:00', 'MM/dd/yyy HH:mm:ss'), parsedatetime('12/07/2012 16:30:00', 'MM/dd/yyy HH:mm:ss'), NULL);
Insert into HOR_ITEMS_DETALLE   (ID, ITEM_ID, INICIO, FIN, DESCRIPCION) Values   (862968, 814768, parsedatetime('12/14/2012 15:30:00', 'MM/dd/yyy HH:mm:ss'), parsedatetime('12/14/2012 16:30:00', 'MM/dd/yyy HH:mm:ss'), NULL);
Insert into HOR_ITEMS_DETALLE   (ID, ITEM_ID, INICIO, FIN, DESCRIPCION) Values   (862969, 814768, parsedatetime('12/21/2012 15:30:00', 'MM/dd/yyy HH:mm:ss'), parsedatetime('12/21/2012 16:30:00', 'MM/dd/yyy HH:mm:ss'), NULL);
Insert into HOR_ITEMS_DETALLE   (ID, ITEM_ID, INICIO, FIN, DESCRIPCION) Values   (862970, 2751, parsedatetime('09/21/2012 17:00:00', 'MM/dd/yyy HH:mm:ss'), parsedatetime('09/21/2012 18:00:00', 'MM/dd/yyy HH:mm:ss'), NULL);
Insert into HOR_ITEMS_DETALLE   (ID, ITEM_ID, INICIO, FIN, DESCRIPCION) Values   (862971, 2751, parsedatetime('09/28/2012 17:00:00', 'MM/dd/yyy HH:mm:ss'), parsedatetime('09/28/2012 18:00:00', 'MM/dd/yyy HH:mm:ss'), NULL);
Insert into HOR_ITEMS_DETALLE   (ID, ITEM_ID, INICIO, FIN, DESCRIPCION) Values   (862972, 2751, parsedatetime('10/05/2012 17:00:00', 'MM/dd/yyy HH:mm:ss'), parsedatetime('10/05/2012 18:00:00', 'MM/dd/yyy HH:mm:ss'), NULL);
Insert into HOR_ITEMS_DETALLE   (ID, ITEM_ID, INICIO, FIN, DESCRIPCION) Values   (862973, 2751, parsedatetime('10/19/2012 17:00:00', 'MM/dd/yyy HH:mm:ss'), parsedatetime('10/19/2012 18:00:00', 'MM/dd/yyy HH:mm:ss'), NULL);
Insert into HOR_ITEMS_DETALLE   (ID, ITEM_ID, INICIO, FIN, DESCRIPCION) Values   (862974, 2751, parsedatetime('10/26/2012 17:00:00', 'MM/dd/yyy HH:mm:ss'), parsedatetime('10/26/2012 18:00:00', 'MM/dd/yyy HH:mm:ss'), NULL);
Insert into HOR_ITEMS_DETALLE   (ID, ITEM_ID, INICIO, FIN, DESCRIPCION) Values   (862975, 2751, parsedatetime('11/02/2012 17:00:00', 'MM/dd/yyy HH:mm:ss'), parsedatetime('11/02/2012 18:00:00', 'MM/dd/yyy HH:mm:ss'), NULL);
Insert into HOR_ITEMS_DETALLE   (ID, ITEM_ID, INICIO, FIN, DESCRIPCION) Values   (862976, 2751, parsedatetime('11/09/2012 17:00:00', 'MM/dd/yyy HH:mm:ss'), parsedatetime('11/09/2012 18:00:00', 'MM/dd/yyy HH:mm:ss'), NULL);
Insert into HOR_ITEMS_DETALLE   (ID, ITEM_ID, INICIO, FIN, DESCRIPCION) Values   (862977, 2751, parsedatetime('11/16/2012 17:00:00', 'MM/dd/yyy HH:mm:ss'), parsedatetime('11/16/2012 18:00:00', 'MM/dd/yyy HH:mm:ss'), NULL);
Insert into HOR_ITEMS_DETALLE   (ID, ITEM_ID, INICIO, FIN, DESCRIPCION) Values   (862978, 2751, parsedatetime('11/23/2012 17:00:00', 'MM/dd/yyy HH:mm:ss'), parsedatetime('11/23/2012 18:00:00', 'MM/dd/yyy HH:mm:ss'), NULL);
Insert into HOR_ITEMS_DETALLE   (ID, ITEM_ID, INICIO, FIN, DESCRIPCION) Values   (862979, 2751, parsedatetime('11/30/2012 17:00:00', 'MM/dd/yyy HH:mm:ss'), parsedatetime('11/30/2012 18:00:00', 'MM/dd/yyy HH:mm:ss'), NULL);
Insert into HOR_ITEMS_DETALLE   (ID, ITEM_ID, INICIO, FIN, DESCRIPCION) Values   (862980, 2751, parsedatetime('12/07/2012 17:00:00', 'MM/dd/yyy HH:mm:ss'), parsedatetime('12/07/2012 18:00:00', 'MM/dd/yyy HH:mm:ss'), NULL);
Insert into HOR_ITEMS_DETALLE   (ID, ITEM_ID, INICIO, FIN, DESCRIPCION) Values   (862981, 2751, parsedatetime('12/14/2012 17:00:00', 'MM/dd/yyy HH:mm:ss'), parsedatetime('12/14/2012 18:00:00', 'MM/dd/yyy HH:mm:ss'), NULL);
Insert into HOR_ITEMS_DETALLE   (ID, ITEM_ID, INICIO, FIN, DESCRIPCION) Values   (862982, 2751, parsedatetime('12/21/2012 17:00:00', 'MM/dd/yyy HH:mm:ss'), parsedatetime('12/21/2012 18:00:00', 'MM/dd/yyy HH:mm:ss'), NULL);
Insert into HOR_ITEMS_DETALLE   (ID, ITEM_ID, INICIO, FIN, DESCRIPCION) Values   (862794, 5838, parsedatetime('09/26/2012 11:30:00', 'MM/dd/yyy HH:mm:ss'), parsedatetime('09/26/2012 13:30:00', 'MM/dd/yyy HH:mm:ss'), NULL);
Insert into HOR_ITEMS_DETALLE   (ID, ITEM_ID, INICIO, FIN, DESCRIPCION) Values   (862795, 5838, parsedatetime('10/03/2012 11:30:00', 'MM/dd/yyy HH:mm:ss'), parsedatetime('10/03/2012 13:30:00', 'MM/dd/yyy HH:mm:ss'), NULL);
Insert into HOR_ITEMS_DETALLE   (ID, ITEM_ID, INICIO, FIN, DESCRIPCION) Values   (862796, 5838, parsedatetime('10/10/2012 11:30:00', 'MM/dd/yyy HH:mm:ss'), parsedatetime('10/10/2012 13:30:00', 'MM/dd/yyy HH:mm:ss'), NULL);
Insert into HOR_ITEMS_DETALLE   (ID, ITEM_ID, INICIO, FIN, DESCRIPCION) Values   (862797, 5838, parsedatetime('10/17/2012 11:30:00', 'MM/dd/yyy HH:mm:ss'), parsedatetime('10/17/2012 13:30:00', 'MM/dd/yyy HH:mm:ss'), NULL);
Insert into HOR_ITEMS_DETALLE   (ID, ITEM_ID, INICIO, FIN, DESCRIPCION) Values   (862798, 5838, parsedatetime('10/24/2012 11:30:00', 'MM/dd/yyy HH:mm:ss'), parsedatetime('10/24/2012 13:30:00', 'MM/dd/yyy HH:mm:ss'), NULL);
Insert into HOR_ITEMS_DETALLE   (ID, ITEM_ID, INICIO, FIN, DESCRIPCION) Values   (862799, 5838, parsedatetime('10/31/2012 11:30:00', 'MM/dd/yyy HH:mm:ss'), parsedatetime('10/31/2012 13:30:00', 'MM/dd/yyy HH:mm:ss'), NULL);
Insert into HOR_ITEMS_DETALLE   (ID, ITEM_ID, INICIO, FIN, DESCRIPCION) Values   (862800, 5838, parsedatetime('11/07/2012 11:30:00', 'MM/dd/yyy HH:mm:ss'), parsedatetime('11/07/2012 13:30:00', 'MM/dd/yyy HH:mm:ss'), NULL);
Insert into HOR_ITEMS_DETALLE   (ID, ITEM_ID, INICIO, FIN, DESCRIPCION) Values   (862801, 5838, parsedatetime('11/14/2012 11:30:00', 'MM/dd/yyy HH:mm:ss'), parsedatetime('11/14/2012 13:30:00', 'MM/dd/yyy HH:mm:ss'), NULL);
Insert into HOR_ITEMS_DETALLE   (ID, ITEM_ID, INICIO, FIN, DESCRIPCION) Values   (862802, 5838, parsedatetime('11/21/2012 11:30:00', 'MM/dd/yyy HH:mm:ss'), parsedatetime('11/21/2012 13:30:00', 'MM/dd/yyy HH:mm:ss'), NULL);
Insert into HOR_ITEMS_DETALLE   (ID, ITEM_ID, INICIO, FIN, DESCRIPCION) Values   (862803, 5838, parsedatetime('11/28/2012 11:30:00', 'MM/dd/yyy HH:mm:ss'), parsedatetime('11/28/2012 13:30:00', 'MM/dd/yyy HH:mm:ss'), NULL);
Insert into HOR_ITEMS_DETALLE   (ID, ITEM_ID, INICIO, FIN, DESCRIPCION) Values   (862804, 5838, parsedatetime('12/05/2012 11:30:00', 'MM/dd/yyy HH:mm:ss'), parsedatetime('12/05/2012 13:30:00', 'MM/dd/yyy HH:mm:ss'), NULL);
Insert into HOR_ITEMS_DETALLE   (ID, ITEM_ID, INICIO, FIN, DESCRIPCION) Values   (862805, 5838, parsedatetime('12/12/2012 11:30:00', 'MM/dd/yyy HH:mm:ss'), parsedatetime('12/12/2012 13:30:00', 'MM/dd/yyy HH:mm:ss'), NULL);
Insert into HOR_ITEMS_DETALLE   (ID, ITEM_ID, INICIO, FIN, DESCRIPCION) Values   (862806, 5838, parsedatetime('12/19/2012 11:30:00', 'MM/dd/yyy HH:mm:ss'), parsedatetime('12/19/2012 13:30:00', 'MM/dd/yyy HH:mm:ss'), NULL);
Insert into HOR_ITEMS_DETALLE   (ID, ITEM_ID, INICIO, FIN, DESCRIPCION) Values   (862932, 4537, parsedatetime('09/25/2012 17:30:00', 'MM/dd/yyy HH:mm:ss'), parsedatetime('09/25/2012 18:00:00', 'MM/dd/yyy HH:mm:ss'), NULL);
Insert into HOR_ITEMS_DETALLE   (ID, ITEM_ID, INICIO, FIN, DESCRIPCION) Values   (862933, 4537, parsedatetime('10/02/2012 17:30:00', 'MM/dd/yyy HH:mm:ss'), parsedatetime('10/02/2012 18:00:00', 'MM/dd/yyy HH:mm:ss'), NULL);
Insert into HOR_ITEMS_DETALLE   (ID, ITEM_ID, INICIO, FIN, DESCRIPCION) Values   (862934, 4537, parsedatetime('10/16/2012 17:30:00', 'MM/dd/yyy HH:mm:ss'), parsedatetime('10/16/2012 18:00:00', 'MM/dd/yyy HH:mm:ss'), NULL);
Insert into HOR_ITEMS_DETALLE   (ID, ITEM_ID, INICIO, FIN, DESCRIPCION) Values   (862935, 4537, parsedatetime('10/23/2012 17:30:00', 'MM/dd/yyy HH:mm:ss'), parsedatetime('10/23/2012 18:00:00', 'MM/dd/yyy HH:mm:ss'), NULL);
Insert into HOR_ITEMS_DETALLE   (ID, ITEM_ID, INICIO, FIN, DESCRIPCION) Values   (862936, 4537, parsedatetime('10/30/2012 17:30:00', 'MM/dd/yyy HH:mm:ss'), parsedatetime('10/30/2012 18:00:00', 'MM/dd/yyy HH:mm:ss'), NULL);
Insert into HOR_ITEMS_DETALLE   (ID, ITEM_ID, INICIO, FIN, DESCRIPCION) Values   (862937, 4537, parsedatetime('11/06/2012 17:30:00', 'MM/dd/yyy HH:mm:ss'), parsedatetime('11/06/2012 18:00:00', 'MM/dd/yyy HH:mm:ss'), NULL);
Insert into HOR_ITEMS_DETALLE   (ID, ITEM_ID, INICIO, FIN, DESCRIPCION) Values   (862938, 4537, parsedatetime('11/13/2012 17:30:00', 'MM/dd/yyy HH:mm:ss'), parsedatetime('11/13/2012 18:00:00', 'MM/dd/yyy HH:mm:ss'), NULL);
Insert into HOR_ITEMS_DETALLE   (ID, ITEM_ID, INICIO, FIN, DESCRIPCION) Values   (862939, 4537, parsedatetime('11/20/2012 17:30:00', 'MM/dd/yyy HH:mm:ss'), parsedatetime('11/20/2012 18:00:00', 'MM/dd/yyy HH:mm:ss'), NULL);
Insert into HOR_ITEMS_DETALLE   (ID, ITEM_ID, INICIO, FIN, DESCRIPCION) Values   (862940, 4537, parsedatetime('11/27/2012 17:30:00', 'MM/dd/yyy HH:mm:ss'), parsedatetime('11/27/2012 18:00:00', 'MM/dd/yyy HH:mm:ss'), NULL);
Insert into HOR_ITEMS_DETALLE   (ID, ITEM_ID, INICIO, FIN, DESCRIPCION) Values   (862941, 4537, parsedatetime('12/04/2012 17:30:00', 'MM/dd/yyy HH:mm:ss'), parsedatetime('12/04/2012 18:00:00', 'MM/dd/yyy HH:mm:ss'), NULL);
Insert into HOR_ITEMS_DETALLE   (ID, ITEM_ID, INICIO, FIN, DESCRIPCION) Values   (862942, 4537, parsedatetime('12/11/2012 17:30:00', 'MM/dd/yyy HH:mm:ss'), parsedatetime('12/11/2012 18:00:00', 'MM/dd/yyy HH:mm:ss'), NULL);
Insert into HOR_ITEMS_DETALLE   (ID, ITEM_ID, INICIO, FIN, DESCRIPCION) Values   (862943, 4537, parsedatetime('12/18/2012 17:30:00', 'MM/dd/yyy HH:mm:ss'), parsedatetime('12/18/2012 18:00:00', 'MM/dd/yyy HH:mm:ss'), NULL);
Insert into HOR_ITEMS_DETALLE   (ID, ITEM_ID, INICIO, FIN, DESCRIPCION) Values   (864251, 5837, parsedatetime('10/02/2012 15:00:00', 'MM/dd/yyy HH:mm:ss'), parsedatetime('10/02/2012 17:00:00', 'MM/dd/yyy HH:mm:ss'), NULL);
Insert into HOR_ITEMS_DETALLE   (ID, ITEM_ID, INICIO, FIN, DESCRIPCION) Values   (864252, 5837, parsedatetime('10/16/2012 15:00:00', 'MM/dd/yyy HH:mm:ss'), parsedatetime('10/16/2012 17:00:00', 'MM/dd/yyy HH:mm:ss'), NULL);
Insert into HOR_ITEMS_DETALLE   (ID, ITEM_ID, INICIO, FIN, DESCRIPCION) Values   (864253, 5837, parsedatetime('10/30/2012 15:00:00', 'MM/dd/yyy HH:mm:ss'), parsedatetime('10/30/2012 17:00:00', 'MM/dd/yyy HH:mm:ss'), NULL);
Insert into HOR_ITEMS_DETALLE   (ID, ITEM_ID, INICIO, FIN, DESCRIPCION) Values   (864254, 5837, parsedatetime('11/13/2012 15:00:00', 'MM/dd/yyy HH:mm:ss'), parsedatetime('11/13/2012 17:00:00', 'MM/dd/yyy HH:mm:ss'), NULL);
Insert into HOR_ITEMS_DETALLE   (ID, ITEM_ID, INICIO, FIN, DESCRIPCION) Values   (863049, 5873, parsedatetime('10/31/2012 13:30:00', 'MM/dd/yyy HH:mm:ss'), parsedatetime('10/31/2012 14:45:00', 'MM/dd/yyy HH:mm:ss'), NULL);
Insert into HOR_ITEMS_DETALLE   (ID, ITEM_ID, INICIO, FIN, DESCRIPCION) Values   (863050, 5880, parsedatetime('09/26/2012 15:00:00', 'MM/dd/yyy HH:mm:ss'), parsedatetime('09/26/2012 16:00:00', 'MM/dd/yyy HH:mm:ss'), NULL);
Insert into HOR_ITEMS_DETALLE   (ID, ITEM_ID, INICIO, FIN, DESCRIPCION) Values   (863051, 5880, parsedatetime('10/03/2012 15:00:00', 'MM/dd/yyy HH:mm:ss'), parsedatetime('10/03/2012 16:00:00', 'MM/dd/yyy HH:mm:ss'), NULL);
Insert into HOR_ITEMS_DETALLE   (ID, ITEM_ID, INICIO, FIN, DESCRIPCION) Values   (863052, 5880, parsedatetime('10/10/2012 15:00:00', 'MM/dd/yyy HH:mm:ss'), parsedatetime('10/10/2012 16:00:00', 'MM/dd/yyy HH:mm:ss'), NULL);
Insert into HOR_ITEMS_DETALLE   (ID, ITEM_ID, INICIO, FIN, DESCRIPCION) Values   (863053, 5880, parsedatetime('10/17/2012 15:00:00', 'MM/dd/yyy HH:mm:ss'), parsedatetime('10/17/2012 16:00:00', 'MM/dd/yyy HH:mm:ss'), NULL);
Insert into HOR_ITEMS_DETALLE   (ID, ITEM_ID, INICIO, FIN, DESCRIPCION) Values   (863054, 5880, parsedatetime('10/24/2012 15:00:00', 'MM/dd/yyy HH:mm:ss'), parsedatetime('10/24/2012 16:00:00', 'MM/dd/yyy HH:mm:ss'), NULL);
Insert into HOR_ITEMS_DETALLE   (ID, ITEM_ID, INICIO, FIN, DESCRIPCION) Values   (863055, 5880, parsedatetime('10/31/2012 15:00:00', 'MM/dd/yyy HH:mm:ss'), parsedatetime('10/31/2012 16:00:00', 'MM/dd/yyy HH:mm:ss'), NULL);
Insert into HOR_ITEMS_DETALLE   (ID, ITEM_ID, INICIO, FIN, DESCRIPCION) Values   (863056, 5880, parsedatetime('11/07/2012 15:00:00', 'MM/dd/yyy HH:mm:ss'), parsedatetime('11/07/2012 16:00:00', 'MM/dd/yyy HH:mm:ss'), NULL);
Insert into HOR_ITEMS_DETALLE   (ID, ITEM_ID, INICIO, FIN, DESCRIPCION) Values   (863057, 5880, parsedatetime('11/14/2012 15:00:00', 'MM/dd/yyy HH:mm:ss'), parsedatetime('11/14/2012 16:00:00', 'MM/dd/yyy HH:mm:ss'), NULL);
Insert into HOR_ITEMS_DETALLE   (ID, ITEM_ID, INICIO, FIN, DESCRIPCION) Values   (863058, 5880, parsedatetime('11/21/2012 15:00:00', 'MM/dd/yyy HH:mm:ss'), parsedatetime('11/21/2012 16:00:00', 'MM/dd/yyy HH:mm:ss'), NULL);
Insert into HOR_ITEMS_DETALLE   (ID, ITEM_ID, INICIO, FIN, DESCRIPCION) Values   (863059, 5880, parsedatetime('11/28/2012 15:00:00', 'MM/dd/yyy HH:mm:ss'), parsedatetime('11/28/2012 16:00:00', 'MM/dd/yyy HH:mm:ss'), NULL);
Insert into HOR_ITEMS_DETALLE   (ID, ITEM_ID, INICIO, FIN, DESCRIPCION) Values   (863060, 5880, parsedatetime('12/05/2012 15:00:00', 'MM/dd/yyy HH:mm:ss'), parsedatetime('12/05/2012 16:00:00', 'MM/dd/yyy HH:mm:ss'), NULL);
Insert into HOR_ITEMS_DETALLE   (ID, ITEM_ID, INICIO, FIN, DESCRIPCION) Values   (863061, 5880, parsedatetime('12/12/2012 15:00:00', 'MM/dd/yyy HH:mm:ss'), parsedatetime('12/12/2012 16:00:00', 'MM/dd/yyy HH:mm:ss'), NULL);
Insert into HOR_ITEMS_DETALLE   (ID, ITEM_ID, INICIO, FIN, DESCRIPCION) Values   (863022, 815277, parsedatetime('09/24/2012 18:30:00', 'MM/dd/yyy HH:mm:ss'), parsedatetime('09/24/2012 20:00:00', 'MM/dd/yyy HH:mm:ss'), NULL);
Insert into HOR_ITEMS_DETALLE   (ID, ITEM_ID, INICIO, FIN, DESCRIPCION) Values   (863023, 815277, parsedatetime('10/01/2012 18:30:00', 'MM/dd/yyy HH:mm:ss'), parsedatetime('10/01/2012 20:00:00', 'MM/dd/yyy HH:mm:ss'), NULL);
Insert into HOR_ITEMS_DETALLE   (ID, ITEM_ID, INICIO, FIN, DESCRIPCION) Values   (863024, 815277, parsedatetime('10/08/2012 18:30:00', 'MM/dd/yyy HH:mm:ss'), parsedatetime('10/08/2012 20:00:00', 'MM/dd/yyy HH:mm:ss'), NULL);
Insert into HOR_ITEMS_DETALLE   (ID, ITEM_ID, INICIO, FIN, DESCRIPCION) Values   (863025, 815277, parsedatetime('10/15/2012 18:30:00', 'MM/dd/yyy HH:mm:ss'), parsedatetime('10/15/2012 20:00:00', 'MM/dd/yyy HH:mm:ss'), NULL);
Insert into HOR_ITEMS_DETALLE   (ID, ITEM_ID, INICIO, FIN, DESCRIPCION) Values   (863026, 815277, parsedatetime('10/22/2012 18:30:00', 'MM/dd/yyy HH:mm:ss'), parsedatetime('10/22/2012 20:00:00', 'MM/dd/yyy HH:mm:ss'), NULL);
Insert into HOR_ITEMS_DETALLE   (ID, ITEM_ID, INICIO, FIN, DESCRIPCION) Values   (863027, 815277, parsedatetime('10/29/2012 18:30:00', 'MM/dd/yyy HH:mm:ss'), parsedatetime('10/29/2012 20:00:00', 'MM/dd/yyy HH:mm:ss'), NULL);
Insert into HOR_ITEMS_DETALLE   (ID, ITEM_ID, INICIO, FIN, DESCRIPCION) Values   (863028, 815277, parsedatetime('11/05/2012 18:30:00', 'MM/dd/yyy HH:mm:ss'), parsedatetime('11/05/2012 20:00:00', 'MM/dd/yyy HH:mm:ss'), NULL);
Insert into HOR_ITEMS_DETALLE   (ID, ITEM_ID, INICIO, FIN, DESCRIPCION) Values   (863029, 815277, parsedatetime('11/12/2012 18:30:00', 'MM/dd/yyy HH:mm:ss'), parsedatetime('11/12/2012 20:00:00', 'MM/dd/yyy HH:mm:ss'), NULL);
Insert into HOR_ITEMS_DETALLE   (ID, ITEM_ID, INICIO, FIN, DESCRIPCION) Values   (863030, 815277, parsedatetime('11/19/2012 18:30:00', 'MM/dd/yyy HH:mm:ss'), parsedatetime('11/19/2012 20:00:00', 'MM/dd/yyy HH:mm:ss'), NULL);
Insert into HOR_ITEMS_DETALLE   (ID, ITEM_ID, INICIO, FIN, DESCRIPCION) Values   (863031, 815277, parsedatetime('11/26/2012 18:30:00', 'MM/dd/yyy HH:mm:ss'), parsedatetime('11/26/2012 20:00:00', 'MM/dd/yyy HH:mm:ss'), NULL);
Insert into HOR_ITEMS_DETALLE   (ID, ITEM_ID, INICIO, FIN, DESCRIPCION) Values   (863032, 815277, parsedatetime('12/03/2012 18:30:00', 'MM/dd/yyy HH:mm:ss'), parsedatetime('12/03/2012 20:00:00', 'MM/dd/yyy HH:mm:ss'), NULL);
Insert into HOR_ITEMS_DETALLE   (ID, ITEM_ID, INICIO, FIN, DESCRIPCION) Values   (863033, 815277, parsedatetime('12/10/2012 18:30:00', 'MM/dd/yyy HH:mm:ss'), parsedatetime('12/10/2012 20:00:00', 'MM/dd/yyy HH:mm:ss'), NULL);
Insert into HOR_ITEMS_DETALLE   (ID, ITEM_ID, INICIO, FIN, DESCRIPCION) Values   (863034, 815277, parsedatetime('12/17/2012 18:30:00', 'MM/dd/yyy HH:mm:ss'), parsedatetime('12/17/2012 20:00:00', 'MM/dd/yyy HH:mm:ss'), NULL);
Insert into HOR_ITEMS_DETALLE   (ID, ITEM_ID, INICIO, FIN, DESCRIPCION) Values   (863035, 814763, parsedatetime('09/21/2012 18:30:00', 'MM/dd/yyy HH:mm:ss'), parsedatetime('09/21/2012 19:30:00', 'MM/dd/yyy HH:mm:ss'), NULL);
Insert into HOR_ITEMS_DETALLE   (ID, ITEM_ID, INICIO, FIN, DESCRIPCION) Values   (863036, 814763, parsedatetime('09/28/2012 18:30:00', 'MM/dd/yyy HH:mm:ss'), parsedatetime('09/28/2012 19:30:00', 'MM/dd/yyy HH:mm:ss'), NULL);
Insert into HOR_ITEMS_DETALLE   (ID, ITEM_ID, INICIO, FIN, DESCRIPCION) Values   (863037, 814763, parsedatetime('10/05/2012 18:30:00', 'MM/dd/yyy HH:mm:ss'), parsedatetime('10/05/2012 19:30:00', 'MM/dd/yyy HH:mm:ss'), NULL);
Insert into HOR_ITEMS_DETALLE   (ID, ITEM_ID, INICIO, FIN, DESCRIPCION) Values   (863038, 814763, parsedatetime('10/19/2012 18:30:00', 'MM/dd/yyy HH:mm:ss'), parsedatetime('10/19/2012 19:30:00', 'MM/dd/yyy HH:mm:ss'), NULL);
Insert into HOR_ITEMS_DETALLE   (ID, ITEM_ID, INICIO, FIN, DESCRIPCION) Values   (863039, 814763, parsedatetime('10/26/2012 18:30:00', 'MM/dd/yyy HH:mm:ss'), parsedatetime('10/26/2012 19:30:00', 'MM/dd/yyy HH:mm:ss'), NULL);
Insert into HOR_ITEMS_DETALLE   (ID, ITEM_ID, INICIO, FIN, DESCRIPCION) Values   (863040, 814763, parsedatetime('11/02/2012 18:30:00', 'MM/dd/yyy HH:mm:ss'), parsedatetime('11/02/2012 19:30:00', 'MM/dd/yyy HH:mm:ss'), NULL);
Insert into HOR_ITEMS_DETALLE   (ID, ITEM_ID, INICIO, FIN, DESCRIPCION) Values   (863041, 814763, parsedatetime('11/09/2012 18:30:00', 'MM/dd/yyy HH:mm:ss'), parsedatetime('11/09/2012 19:30:00', 'MM/dd/yyy HH:mm:ss'), NULL);
Insert into HOR_ITEMS_DETALLE   (ID, ITEM_ID, INICIO, FIN, DESCRIPCION) Values   (863042, 814763, parsedatetime('11/16/2012 18:30:00', 'MM/dd/yyy HH:mm:ss'), parsedatetime('11/16/2012 19:30:00', 'MM/dd/yyy HH:mm:ss'), NULL);
Insert into HOR_ITEMS_DETALLE   (ID, ITEM_ID, INICIO, FIN, DESCRIPCION) Values   (863043, 814763, parsedatetime('11/23/2012 18:30:00', 'MM/dd/yyy HH:mm:ss'), parsedatetime('11/23/2012 19:30:00', 'MM/dd/yyy HH:mm:ss'), NULL);
Insert into HOR_ITEMS_DETALLE   (ID, ITEM_ID, INICIO, FIN, DESCRIPCION) Values   (863044, 814763, parsedatetime('11/30/2012 18:30:00', 'MM/dd/yyy HH:mm:ss'), parsedatetime('11/30/2012 19:30:00', 'MM/dd/yyy HH:mm:ss'), NULL);
Insert into HOR_ITEMS_DETALLE   (ID, ITEM_ID, INICIO, FIN, DESCRIPCION) Values   (863045, 814763, parsedatetime('12/07/2012 18:30:00', 'MM/dd/yyy HH:mm:ss'), parsedatetime('12/07/2012 19:30:00', 'MM/dd/yyy HH:mm:ss'), NULL);
Insert into HOR_ITEMS_DETALLE   (ID, ITEM_ID, INICIO, FIN, DESCRIPCION) Values   (863046, 814763, parsedatetime('12/14/2012 18:30:00', 'MM/dd/yyy HH:mm:ss'), parsedatetime('12/14/2012 19:30:00', 'MM/dd/yyy HH:mm:ss'), NULL);
Insert into HOR_ITEMS_DETALLE   (ID, ITEM_ID, INICIO, FIN, DESCRIPCION) Values   (863047, 814763, parsedatetime('12/21/2012 18:30:00', 'MM/dd/yyy HH:mm:ss'), parsedatetime('12/21/2012 19:30:00', 'MM/dd/yyy HH:mm:ss'), NULL);
Insert into HOR_ITEMS_DETALLE   (ID, ITEM_ID, INICIO, FIN, DESCRIPCION) Values   (863048, 5873, parsedatetime('10/10/2012 13:30:00', 'MM/dd/yyy HH:mm:ss'), parsedatetime('10/10/2012 14:45:00', 'MM/dd/yyy HH:mm:ss'), NULL);
Insert into HOR_ITEMS_DETALLE   (ID, ITEM_ID, INICIO, FIN, DESCRIPCION) Values   (863062, 5880, parsedatetime('12/19/2012 15:00:00', 'MM/dd/yyy HH:mm:ss'), parsedatetime('12/19/2012 16:00:00', 'MM/dd/yyy HH:mm:ss'), NULL);
Insert into HOR_ITEMS_DETALLE   (ID, ITEM_ID, INICIO, FIN, DESCRIPCION) Values   (863063, 4507, parsedatetime('09/26/2012 16:00:00', 'MM/dd/yyy HH:mm:ss'), parsedatetime('09/26/2012 18:00:00', 'MM/dd/yyy HH:mm:ss'), NULL);
Insert into HOR_ITEMS_DETALLE   (ID, ITEM_ID, INICIO, FIN, DESCRIPCION) Values   (863064, 4507, parsedatetime('10/03/2012 16:00:00', 'MM/dd/yyy HH:mm:ss'), parsedatetime('10/03/2012 18:00:00', 'MM/dd/yyy HH:mm:ss'), NULL);
Insert into HOR_ITEMS_DETALLE   (ID, ITEM_ID, INICIO, FIN, DESCRIPCION) Values   (863065, 4507, parsedatetime('10/10/2012 16:00:00', 'MM/dd/yyy HH:mm:ss'), parsedatetime('10/10/2012 18:00:00', 'MM/dd/yyy HH:mm:ss'), NULL);
Insert into HOR_ITEMS_DETALLE   (ID, ITEM_ID, INICIO, FIN, DESCRIPCION) Values   (863066, 4507, parsedatetime('10/17/2012 16:00:00', 'MM/dd/yyy HH:mm:ss'), parsedatetime('10/17/2012 18:00:00', 'MM/dd/yyy HH:mm:ss'), NULL);
Insert into HOR_ITEMS_DETALLE   (ID, ITEM_ID, INICIO, FIN, DESCRIPCION) Values   (863067, 4507, parsedatetime('10/24/2012 16:00:00', 'MM/dd/yyy HH:mm:ss'), parsedatetime('10/24/2012 18:00:00', 'MM/dd/yyy HH:mm:ss'), NULL);
Insert into HOR_ITEMS_DETALLE   (ID, ITEM_ID, INICIO, FIN, DESCRIPCION) Values   (863068, 4507, parsedatetime('10/31/2012 16:00:00', 'MM/dd/yyy HH:mm:ss'), parsedatetime('10/31/2012 18:00:00', 'MM/dd/yyy HH:mm:ss'), NULL);
Insert into HOR_ITEMS_DETALLE   (ID, ITEM_ID, INICIO, FIN, DESCRIPCION) Values   (863069, 4507, parsedatetime('11/07/2012 16:00:00', 'MM/dd/yyy HH:mm:ss'), parsedatetime('11/07/2012 18:00:00', 'MM/dd/yyy HH:mm:ss'), NULL);
Insert into HOR_ITEMS_DETALLE   (ID, ITEM_ID, INICIO, FIN, DESCRIPCION) Values   (863070, 4507, parsedatetime('11/14/2012 16:00:00', 'MM/dd/yyy HH:mm:ss'), parsedatetime('11/14/2012 18:00:00', 'MM/dd/yyy HH:mm:ss'), NULL);
Insert into HOR_ITEMS_DETALLE   (ID, ITEM_ID, INICIO, FIN, DESCRIPCION) Values   (863071, 4507, parsedatetime('11/21/2012 16:00:00', 'MM/dd/yyy HH:mm:ss'), parsedatetime('11/21/2012 18:00:00', 'MM/dd/yyy HH:mm:ss'), NULL);
Insert into HOR_ITEMS_DETALLE   (ID, ITEM_ID, INICIO, FIN, DESCRIPCION) Values   (863072, 4507, parsedatetime('11/28/2012 16:00:00', 'MM/dd/yyy HH:mm:ss'), parsedatetime('11/28/2012 18:00:00', 'MM/dd/yyy HH:mm:ss'), NULL);
Insert into HOR_ITEMS_DETALLE   (ID, ITEM_ID, INICIO, FIN, DESCRIPCION) Values   (863073, 4507, parsedatetime('12/05/2012 16:00:00', 'MM/dd/yyy HH:mm:ss'), parsedatetime('12/05/2012 18:00:00', 'MM/dd/yyy HH:mm:ss'), NULL);
Insert into HOR_ITEMS_DETALLE   (ID, ITEM_ID, INICIO, FIN, DESCRIPCION) Values   (863074, 4507, parsedatetime('12/12/2012 16:00:00', 'MM/dd/yyy HH:mm:ss'), parsedatetime('12/12/2012 18:00:00', 'MM/dd/yyy HH:mm:ss'), NULL);
Insert into HOR_ITEMS_DETALLE   (ID, ITEM_ID, INICIO, FIN, DESCRIPCION) Values   (863075, 4507, parsedatetime('12/19/2012 16:00:00', 'MM/dd/yyy HH:mm:ss'), parsedatetime('12/19/2012 18:00:00', 'MM/dd/yyy HH:mm:ss'), NULL);
Insert into HOR_ITEMS_DETALLE   (ID, ITEM_ID, INICIO, FIN, DESCRIPCION) Values   (863076, 4466, parsedatetime('09/26/2012 18:00:00', 'MM/dd/yyy HH:mm:ss'), parsedatetime('09/26/2012 20:00:00', 'MM/dd/yyy HH:mm:ss'), NULL);
Insert into HOR_ITEMS_DETALLE   (ID, ITEM_ID, INICIO, FIN, DESCRIPCION) Values   (863077, 4466, parsedatetime('10/03/2012 18:00:00', 'MM/dd/yyy HH:mm:ss'), parsedatetime('10/03/2012 20:00:00', 'MM/dd/yyy HH:mm:ss'), NULL);
Insert into HOR_ITEMS_DETALLE   (ID, ITEM_ID, INICIO, FIN, DESCRIPCION) Values   (863078, 4466, parsedatetime('10/10/2012 18:00:00', 'MM/dd/yyy HH:mm:ss'), parsedatetime('10/10/2012 20:00:00', 'MM/dd/yyy HH:mm:ss'), NULL);
Insert into HOR_ITEMS_DETALLE   (ID, ITEM_ID, INICIO, FIN, DESCRIPCION) Values   (863079, 4466, parsedatetime('10/17/2012 18:00:00', 'MM/dd/yyy HH:mm:ss'), parsedatetime('10/17/2012 20:00:00', 'MM/dd/yyy HH:mm:ss'), NULL);
Insert into HOR_ITEMS_DETALLE   (ID, ITEM_ID, INICIO, FIN, DESCRIPCION) Values   (863080, 4466, parsedatetime('10/24/2012 18:00:00', 'MM/dd/yyy HH:mm:ss'), parsedatetime('10/24/2012 20:00:00', 'MM/dd/yyy HH:mm:ss'), NULL);
Insert into HOR_ITEMS_DETALLE   (ID, ITEM_ID, INICIO, FIN, DESCRIPCION) Values   (863081, 4466, parsedatetime('10/31/2012 18:00:00', 'MM/dd/yyy HH:mm:ss'), parsedatetime('10/31/2012 20:00:00', 'MM/dd/yyy HH:mm:ss'), NULL);
Insert into HOR_ITEMS_DETALLE   (ID, ITEM_ID, INICIO, FIN, DESCRIPCION) Values   (863082, 4466, parsedatetime('11/07/2012 18:00:00', 'MM/dd/yyy HH:mm:ss'), parsedatetime('11/07/2012 20:00:00', 'MM/dd/yyy HH:mm:ss'), NULL);
Insert into HOR_ITEMS_DETALLE   (ID, ITEM_ID, INICIO, FIN, DESCRIPCION) Values   (863083, 4466, parsedatetime('11/14/2012 18:00:00', 'MM/dd/yyy HH:mm:ss'), parsedatetime('11/14/2012 20:00:00', 'MM/dd/yyy HH:mm:ss'), NULL);
Insert into HOR_ITEMS_DETALLE   (ID, ITEM_ID, INICIO, FIN, DESCRIPCION) Values   (863084, 4466, parsedatetime('11/21/2012 18:00:00', 'MM/dd/yyy HH:mm:ss'), parsedatetime('11/21/2012 20:00:00', 'MM/dd/yyy HH:mm:ss'), NULL);
Insert into HOR_ITEMS_DETALLE   (ID, ITEM_ID, INICIO, FIN, DESCRIPCION) Values   (863085, 4466, parsedatetime('11/28/2012 18:00:00', 'MM/dd/yyy HH:mm:ss'), parsedatetime('11/28/2012 20:00:00', 'MM/dd/yyy HH:mm:ss'), NULL);
Insert into HOR_ITEMS_DETALLE   (ID, ITEM_ID, INICIO, FIN, DESCRIPCION) Values   (863086, 4466, parsedatetime('12/05/2012 18:00:00', 'MM/dd/yyy HH:mm:ss'), parsedatetime('12/05/2012 20:00:00', 'MM/dd/yyy HH:mm:ss'), NULL);
Insert into HOR_ITEMS_DETALLE   (ID, ITEM_ID, INICIO, FIN, DESCRIPCION) Values   (863087, 4466, parsedatetime('12/12/2012 18:00:00', 'MM/dd/yyy HH:mm:ss'), parsedatetime('12/12/2012 20:00:00', 'MM/dd/yyy HH:mm:ss'), NULL);
Insert into HOR_ITEMS_DETALLE   (ID, ITEM_ID, INICIO, FIN, DESCRIPCION) Values   (863088, 4466, parsedatetime('12/19/2012 18:00:00', 'MM/dd/yyy HH:mm:ss'), parsedatetime('12/19/2012 20:00:00', 'MM/dd/yyy HH:mm:ss'), NULL);
Insert into HOR_ITEMS_DETALLE   (ID, ITEM_ID, INICIO, FIN, DESCRIPCION) Values   (863089, 2766, parsedatetime('09/26/2012 09:00:00', 'MM/dd/yyy HH:mm:ss'), parsedatetime('09/26/2012 10:00:00', 'MM/dd/yyy HH:mm:ss'), NULL);
Insert into HOR_ITEMS_DETALLE   (ID, ITEM_ID, INICIO, FIN, DESCRIPCION) Values   (863090, 2766, parsedatetime('10/03/2012 09:00:00', 'MM/dd/yyy HH:mm:ss'), parsedatetime('10/03/2012 10:00:00', 'MM/dd/yyy HH:mm:ss'), NULL);
Insert into HOR_ITEMS_DETALLE   (ID, ITEM_ID, INICIO, FIN, DESCRIPCION) Values   (863091, 2766, parsedatetime('10/10/2012 09:00:00', 'MM/dd/yyy HH:mm:ss'), parsedatetime('10/10/2012 10:00:00', 'MM/dd/yyy HH:mm:ss'), NULL);
Insert into HOR_ITEMS_DETALLE   (ID, ITEM_ID, INICIO, FIN, DESCRIPCION) Values   (863092, 2766, parsedatetime('10/17/2012 09:00:00', 'MM/dd/yyy HH:mm:ss'), parsedatetime('10/17/2012 10:00:00', 'MM/dd/yyy HH:mm:ss'), NULL);
Insert into HOR_ITEMS_DETALLE   (ID, ITEM_ID, INICIO, FIN, DESCRIPCION) Values   (863093, 2766, parsedatetime('10/24/2012 09:00:00', 'MM/dd/yyy HH:mm:ss'), parsedatetime('10/24/2012 10:00:00', 'MM/dd/yyy HH:mm:ss'), NULL);
Insert into HOR_ITEMS_DETALLE   (ID, ITEM_ID, INICIO, FIN, DESCRIPCION) Values   (863094, 2766, parsedatetime('10/31/2012 09:00:00', 'MM/dd/yyy HH:mm:ss'), parsedatetime('10/31/2012 10:00:00', 'MM/dd/yyy HH:mm:ss'), NULL);
Insert into HOR_ITEMS_DETALLE   (ID, ITEM_ID, INICIO, FIN, DESCRIPCION) Values   (863095, 2766, parsedatetime('11/07/2012 09:00:00', 'MM/dd/yyy HH:mm:ss'), parsedatetime('11/07/2012 10:00:00', 'MM/dd/yyy HH:mm:ss'), NULL);
Insert into HOR_ITEMS_DETALLE   (ID, ITEM_ID, INICIO, FIN, DESCRIPCION) Values   (863096, 2766, parsedatetime('11/14/2012 09:00:00', 'MM/dd/yyy HH:mm:ss'), parsedatetime('11/14/2012 10:00:00', 'MM/dd/yyy HH:mm:ss'), NULL);
Insert into HOR_ITEMS_DETALLE   (ID, ITEM_ID, INICIO, FIN, DESCRIPCION) Values   (863097, 2766, parsedatetime('11/21/2012 09:00:00', 'MM/dd/yyy HH:mm:ss'), parsedatetime('11/21/2012 10:00:00', 'MM/dd/yyy HH:mm:ss'), NULL);
Insert into HOR_ITEMS_DETALLE   (ID, ITEM_ID, INICIO, FIN, DESCRIPCION) Values   (863098, 2766, parsedatetime('11/28/2012 09:00:00', 'MM/dd/yyy HH:mm:ss'), parsedatetime('11/28/2012 10:00:00', 'MM/dd/yyy HH:mm:ss'), NULL);
Insert into HOR_ITEMS_DETALLE   (ID, ITEM_ID, INICIO, FIN, DESCRIPCION) Values   (863099, 2766, parsedatetime('12/05/2012 09:00:00', 'MM/dd/yyy HH:mm:ss'), parsedatetime('12/05/2012 10:00:00', 'MM/dd/yyy HH:mm:ss'), NULL);
Insert into HOR_ITEMS_DETALLE   (ID, ITEM_ID, INICIO, FIN, DESCRIPCION) Values   (863100, 2766, parsedatetime('12/12/2012 09:00:00', 'MM/dd/yyy HH:mm:ss'), parsedatetime('12/12/2012 10:00:00', 'MM/dd/yyy HH:mm:ss'), NULL);
Insert into HOR_ITEMS_DETALLE   (ID, ITEM_ID, INICIO, FIN, DESCRIPCION) Values   (863101, 2766, parsedatetime('12/19/2012 09:00:00', 'MM/dd/yyy HH:mm:ss'), parsedatetime('12/19/2012 10:00:00', 'MM/dd/yyy HH:mm:ss'), NULL);
Insert into HOR_ITEMS_DETALLE   (ID, ITEM_ID, INICIO, FIN, DESCRIPCION) Values   (863102, 1096, parsedatetime('09/26/2012 09:00:00', 'MM/dd/yyy HH:mm:ss'), parsedatetime('09/26/2012 10:30:00', 'MM/dd/yyy HH:mm:ss'), NULL);
Insert into HOR_ITEMS_DETALLE   (ID, ITEM_ID, INICIO, FIN, DESCRIPCION) Values   (863103, 1096, parsedatetime('10/03/2012 09:00:00', 'MM/dd/yyy HH:mm:ss'), parsedatetime('10/03/2012 10:30:00', 'MM/dd/yyy HH:mm:ss'), NULL);
Insert into HOR_ITEMS_DETALLE   (ID, ITEM_ID, INICIO, FIN, DESCRIPCION) Values   (863104, 1096, parsedatetime('10/10/2012 09:00:00', 'MM/dd/yyy HH:mm:ss'), parsedatetime('10/10/2012 10:30:00', 'MM/dd/yyy HH:mm:ss'), NULL);
Insert into HOR_ITEMS_DETALLE   (ID, ITEM_ID, INICIO, FIN, DESCRIPCION) Values   (863105, 1096, parsedatetime('10/17/2012 09:00:00', 'MM/dd/yyy HH:mm:ss'), parsedatetime('10/17/2012 10:30:00', 'MM/dd/yyy HH:mm:ss'), NULL);
Insert into HOR_ITEMS_DETALLE   (ID, ITEM_ID, INICIO, FIN, DESCRIPCION) Values   (863106, 1096, parsedatetime('10/24/2012 09:00:00', 'MM/dd/yyy HH:mm:ss'), parsedatetime('10/24/2012 10:30:00', 'MM/dd/yyy HH:mm:ss'), NULL);
Insert into HOR_ITEMS_DETALLE   (ID, ITEM_ID, INICIO, FIN, DESCRIPCION) Values   (863107, 1096, parsedatetime('10/31/2012 09:00:00', 'MM/dd/yyy HH:mm:ss'), parsedatetime('10/31/2012 10:30:00', 'MM/dd/yyy HH:mm:ss'), NULL);
Insert into HOR_ITEMS_DETALLE   (ID, ITEM_ID, INICIO, FIN, DESCRIPCION) Values   (863108, 1096, parsedatetime('11/07/2012 09:00:00', 'MM/dd/yyy HH:mm:ss'), parsedatetime('11/07/2012 10:30:00', 'MM/dd/yyy HH:mm:ss'), NULL);
Insert into HOR_ITEMS_DETALLE   (ID, ITEM_ID, INICIO, FIN, DESCRIPCION) Values   (863109, 1096, parsedatetime('11/14/2012 09:00:00', 'MM/dd/yyy HH:mm:ss'), parsedatetime('11/14/2012 10:30:00', 'MM/dd/yyy HH:mm:ss'), NULL);
Insert into HOR_ITEMS_DETALLE   (ID, ITEM_ID, INICIO, FIN, DESCRIPCION) Values   (863110, 1096, parsedatetime('11/21/2012 09:00:00', 'MM/dd/yyy HH:mm:ss'), parsedatetime('11/21/2012 10:30:00', 'MM/dd/yyy HH:mm:ss'), NULL);
Insert into HOR_ITEMS_DETALLE   (ID, ITEM_ID, INICIO, FIN, DESCRIPCION) Values   (863111, 1096, parsedatetime('11/28/2012 09:00:00', 'MM/dd/yyy HH:mm:ss'), parsedatetime('11/28/2012 10:30:00', 'MM/dd/yyy HH:mm:ss'), NULL);
Insert into HOR_ITEMS_DETALLE   (ID, ITEM_ID, INICIO, FIN, DESCRIPCION) Values   (863112, 1096, parsedatetime('12/05/2012 09:00:00', 'MM/dd/yyy HH:mm:ss'), parsedatetime('12/05/2012 10:30:00', 'MM/dd/yyy HH:mm:ss'), NULL);
Insert into HOR_ITEMS_DETALLE   (ID, ITEM_ID, INICIO, FIN, DESCRIPCION) Values   (863113, 1096, parsedatetime('12/12/2012 09:00:00', 'MM/dd/yyy HH:mm:ss'), parsedatetime('12/12/2012 10:30:00', 'MM/dd/yyy HH:mm:ss'), NULL);
Insert into HOR_ITEMS_DETALLE   (ID, ITEM_ID, INICIO, FIN, DESCRIPCION) Values   (863114, 1096, parsedatetime('12/19/2012 09:00:00', 'MM/dd/yyy HH:mm:ss'), parsedatetime('12/19/2012 10:30:00', 'MM/dd/yyy HH:mm:ss'), NULL);
Insert into HOR_ITEMS_DETALLE   (ID, ITEM_ID, INICIO, FIN, DESCRIPCION) Values   (849702, 2752, parsedatetime('09/21/2012 09:00:00', 'MM/dd/yyy HH:mm:ss'), parsedatetime('09/21/2012 10:00:00', 'MM/dd/yyy HH:mm:ss'), NULL);
Insert into HOR_ITEMS_DETALLE   (ID, ITEM_ID, INICIO, FIN, DESCRIPCION) Values   (845737, 1190, parsedatetime('09/25/2012 13:30:00', 'MM/dd/yyy HH:mm:ss'), parsedatetime('09/25/2012 14:30:00', 'MM/dd/yyy HH:mm:ss'), NULL);
Insert into HOR_ITEMS_DETALLE   (ID, ITEM_ID, INICIO, FIN, DESCRIPCION) Values   (845738, 1190, parsedatetime('10/02/2012 13:30:00', 'MM/dd/yyy HH:mm:ss'), parsedatetime('10/02/2012 14:30:00', 'MM/dd/yyy HH:mm:ss'), NULL);
Insert into HOR_ITEMS_DETALLE   (ID, ITEM_ID, INICIO, FIN, DESCRIPCION) Values   (845739, 1190, parsedatetime('10/16/2012 13:30:00', 'MM/dd/yyy HH:mm:ss'), parsedatetime('10/16/2012 14:30:00', 'MM/dd/yyy HH:mm:ss'), NULL);
Insert into HOR_ITEMS_DETALLE   (ID, ITEM_ID, INICIO, FIN, DESCRIPCION) Values   (845740, 1190, parsedatetime('10/23/2012 13:30:00', 'MM/dd/yyy HH:mm:ss'), parsedatetime('10/23/2012 14:30:00', 'MM/dd/yyy HH:mm:ss'), NULL);
Insert into HOR_ITEMS_DETALLE   (ID, ITEM_ID, INICIO, FIN, DESCRIPCION) Values   (845741, 1190, parsedatetime('10/30/2012 13:30:00', 'MM/dd/yyy HH:mm:ss'), parsedatetime('10/30/2012 14:30:00', 'MM/dd/yyy HH:mm:ss'), NULL);
Insert into HOR_ITEMS_DETALLE   (ID, ITEM_ID, INICIO, FIN, DESCRIPCION) Values   (845742, 1190, parsedatetime('11/06/2012 13:30:00', 'MM/dd/yyy HH:mm:ss'), parsedatetime('11/06/2012 14:30:00', 'MM/dd/yyy HH:mm:ss'), NULL);
Insert into HOR_ITEMS_DETALLE   (ID, ITEM_ID, INICIO, FIN, DESCRIPCION) Values   (845743, 1190, parsedatetime('11/13/2012 13:30:00', 'MM/dd/yyy HH:mm:ss'), parsedatetime('11/13/2012 14:30:00', 'MM/dd/yyy HH:mm:ss'), NULL);
Insert into HOR_ITEMS_DETALLE   (ID, ITEM_ID, INICIO, FIN, DESCRIPCION) Values   (845744, 1190, parsedatetime('11/20/2012 13:30:00', 'MM/dd/yyy HH:mm:ss'), parsedatetime('11/20/2012 14:30:00', 'MM/dd/yyy HH:mm:ss'), NULL);
Insert into HOR_ITEMS_DETALLE   (ID, ITEM_ID, INICIO, FIN, DESCRIPCION) Values   (845745, 1190, parsedatetime('11/27/2012 13:30:00', 'MM/dd/yyy HH:mm:ss'), parsedatetime('11/27/2012 14:30:00', 'MM/dd/yyy HH:mm:ss'), NULL);
Insert into HOR_ITEMS_DETALLE   (ID, ITEM_ID, INICIO, FIN, DESCRIPCION) Values   (845746, 1190, parsedatetime('12/04/2012 13:30:00', 'MM/dd/yyy HH:mm:ss'), parsedatetime('12/04/2012 14:30:00', 'MM/dd/yyy HH:mm:ss'), NULL);
Insert into HOR_ITEMS_DETALLE   (ID, ITEM_ID, INICIO, FIN, DESCRIPCION) Values   (845747, 1190, parsedatetime('12/11/2012 13:30:00', 'MM/dd/yyy HH:mm:ss'), parsedatetime('12/11/2012 14:30:00', 'MM/dd/yyy HH:mm:ss'), NULL);
Insert into HOR_ITEMS_DETALLE   (ID, ITEM_ID, INICIO, FIN, DESCRIPCION) Values   (845748, 1190, parsedatetime('12/18/2012 13:30:00', 'MM/dd/yyy HH:mm:ss'), parsedatetime('12/18/2012 14:30:00', 'MM/dd/yyy HH:mm:ss'), NULL);
Insert into HOR_ITEMS_DETALLE   (ID, ITEM_ID, INICIO, FIN, DESCRIPCION) Values   (835660, 834612, parsedatetime('09/20/2012 12:00:00', 'MM/dd/yyy HH:mm:ss'), parsedatetime('09/20/2012 13:30:00', 'MM/dd/yyy HH:mm:ss'), NULL);
Insert into HOR_ITEMS_DETALLE   (ID, ITEM_ID, INICIO, FIN, DESCRIPCION) Values   (835661, 834612, parsedatetime('09/27/2012 12:00:00', 'MM/dd/yyy HH:mm:ss'), parsedatetime('09/27/2012 13:30:00', 'MM/dd/yyy HH:mm:ss'), NULL);
Insert into HOR_ITEMS_DETALLE   (ID, ITEM_ID, INICIO, FIN, DESCRIPCION) Values   (835662, 834612, parsedatetime('10/04/2012 12:00:00', 'MM/dd/yyy HH:mm:ss'), parsedatetime('10/04/2012 13:30:00', 'MM/dd/yyy HH:mm:ss'), NULL);
Insert into HOR_ITEMS_DETALLE   (ID, ITEM_ID, INICIO, FIN, DESCRIPCION) Values   (835663, 834612, parsedatetime('10/11/2012 12:00:00', 'MM/dd/yyy HH:mm:ss'), parsedatetime('10/11/2012 13:30:00', 'MM/dd/yyy HH:mm:ss'), NULL);
Insert into HOR_ITEMS_DETALLE   (ID, ITEM_ID, INICIO, FIN, DESCRIPCION) Values   (835664, 834612, parsedatetime('10/18/2012 12:00:00', 'MM/dd/yyy HH:mm:ss'), parsedatetime('10/18/2012 13:30:00', 'MM/dd/yyy HH:mm:ss'), NULL);
Insert into HOR_ITEMS_DETALLE   (ID, ITEM_ID, INICIO, FIN, DESCRIPCION) Values   (835665, 834612, parsedatetime('10/25/2012 12:00:00', 'MM/dd/yyy HH:mm:ss'), parsedatetime('10/25/2012 13:30:00', 'MM/dd/yyy HH:mm:ss'), NULL);
Insert into HOR_ITEMS_DETALLE   (ID, ITEM_ID, INICIO, FIN, DESCRIPCION) Values   (835666, 834612, parsedatetime('11/08/2012 12:00:00', 'MM/dd/yyy HH:mm:ss'), parsedatetime('11/08/2012 13:30:00', 'MM/dd/yyy HH:mm:ss'), NULL);
Insert into HOR_ITEMS_DETALLE   (ID, ITEM_ID, INICIO, FIN, DESCRIPCION) Values   (835667, 834612, parsedatetime('11/15/2012 12:00:00', 'MM/dd/yyy HH:mm:ss'), parsedatetime('11/15/2012 13:30:00', 'MM/dd/yyy HH:mm:ss'), NULL);
Insert into HOR_ITEMS_DETALLE   (ID, ITEM_ID, INICIO, FIN, DESCRIPCION) Values   (835668, 834612, parsedatetime('11/22/2012 12:00:00', 'MM/dd/yyy HH:mm:ss'), parsedatetime('11/22/2012 13:30:00', 'MM/dd/yyy HH:mm:ss'), NULL);
Insert into HOR_ITEMS_DETALLE   (ID, ITEM_ID, INICIO, FIN, DESCRIPCION) Values   (835669, 834612, parsedatetime('11/29/2012 12:00:00', 'MM/dd/yyy HH:mm:ss'), parsedatetime('11/29/2012 13:30:00', 'MM/dd/yyy HH:mm:ss'), NULL);
Insert into HOR_ITEMS_DETALLE   (ID, ITEM_ID, INICIO, FIN, DESCRIPCION) Values   (835670, 834612, parsedatetime('12/13/2012 12:00:00', 'MM/dd/yyy HH:mm:ss'), parsedatetime('12/13/2012 13:30:00', 'MM/dd/yyy HH:mm:ss'), NULL);
Insert into HOR_ITEMS_DETALLE   (ID, ITEM_ID, INICIO, FIN, DESCRIPCION) Values   (835671, 834612, parsedatetime('12/20/2012 12:00:00', 'MM/dd/yyy HH:mm:ss'), parsedatetime('12/20/2012 13:30:00', 'MM/dd/yyy HH:mm:ss'), NULL);
Insert into HOR_ITEMS_DETALLE   (ID, ITEM_ID, INICIO, FIN, DESCRIPCION) Values   (816044, 6587, parsedatetime('09/24/2012 08:00:00', 'MM/dd/yyy HH:mm:ss'), parsedatetime('09/24/2012 10:00:00', 'MM/dd/yyy HH:mm:ss'), NULL);
Insert into HOR_ITEMS_DETALLE   (ID, ITEM_ID, INICIO, FIN, DESCRIPCION) Values   (816045, 6587, parsedatetime('10/01/2012 08:00:00', 'MM/dd/yyy HH:mm:ss'), parsedatetime('10/01/2012 10:00:00', 'MM/dd/yyy HH:mm:ss'), NULL);
Insert into HOR_ITEMS_DETALLE   (ID, ITEM_ID, INICIO, FIN, DESCRIPCION) Values   (816046, 6587, parsedatetime('10/08/2012 08:00:00', 'MM/dd/yyy HH:mm:ss'), parsedatetime('10/08/2012 10:00:00', 'MM/dd/yyy HH:mm:ss'), NULL);
Insert into HOR_ITEMS_DETALLE   (ID, ITEM_ID, INICIO, FIN, DESCRIPCION) Values   (816047, 6587, parsedatetime('10/15/2012 08:00:00', 'MM/dd/yyy HH:mm:ss'), parsedatetime('10/15/2012 10:00:00', 'MM/dd/yyy HH:mm:ss'), NULL);
Insert into HOR_ITEMS_DETALLE   (ID, ITEM_ID, INICIO, FIN, DESCRIPCION) Values   (816048, 6587, parsedatetime('10/22/2012 08:00:00', 'MM/dd/yyy HH:mm:ss'), parsedatetime('10/22/2012 10:00:00', 'MM/dd/yyy HH:mm:ss'), NULL);
Insert into HOR_ITEMS_DETALLE   (ID, ITEM_ID, INICIO, FIN, DESCRIPCION) Values   (816049, 6587, parsedatetime('10/29/2012 08:00:00', 'MM/dd/yyy HH:mm:ss'), parsedatetime('10/29/2012 10:00:00', 'MM/dd/yyy HH:mm:ss'), NULL);
Insert into HOR_ITEMS_DETALLE   (ID, ITEM_ID, INICIO, FIN, DESCRIPCION) Values   (816050, 6587, parsedatetime('11/05/2012 08:00:00', 'MM/dd/yyy HH:mm:ss'), parsedatetime('11/05/2012 10:00:00', 'MM/dd/yyy HH:mm:ss'), NULL);
Insert into HOR_ITEMS_DETALLE   (ID, ITEM_ID, INICIO, FIN, DESCRIPCION) Values   (816051, 6587, parsedatetime('11/12/2012 08:00:00', 'MM/dd/yyy HH:mm:ss'), parsedatetime('11/12/2012 10:00:00', 'MM/dd/yyy HH:mm:ss'), NULL);
Insert into HOR_ITEMS_DETALLE   (ID, ITEM_ID, INICIO, FIN, DESCRIPCION) Values   (816052, 6587, parsedatetime('11/19/2012 08:00:00', 'MM/dd/yyy HH:mm:ss'), parsedatetime('11/19/2012 10:00:00', 'MM/dd/yyy HH:mm:ss'), NULL);
Insert into HOR_ITEMS_DETALLE   (ID, ITEM_ID, INICIO, FIN, DESCRIPCION) Values   (816053, 6587, parsedatetime('11/26/2012 08:00:00', 'MM/dd/yyy HH:mm:ss'), parsedatetime('11/26/2012 10:00:00', 'MM/dd/yyy HH:mm:ss'), NULL);
Insert into HOR_ITEMS_DETALLE   (ID, ITEM_ID, INICIO, FIN, DESCRIPCION) Values   (816054, 6587, parsedatetime('12/03/2012 08:00:00', 'MM/dd/yyy HH:mm:ss'), parsedatetime('12/03/2012 10:00:00', 'MM/dd/yyy HH:mm:ss'), NULL);
Insert into HOR_ITEMS_DETALLE   (ID, ITEM_ID, INICIO, FIN, DESCRIPCION) Values   (816055, 6587, parsedatetime('12/10/2012 08:00:00', 'MM/dd/yyy HH:mm:ss'), parsedatetime('12/10/2012 10:00:00', 'MM/dd/yyy HH:mm:ss'), NULL);
Insert into HOR_ITEMS_DETALLE   (ID, ITEM_ID, INICIO, FIN, DESCRIPCION) Values   (816056, 6587, parsedatetime('12/17/2012 08:00:00', 'MM/dd/yyy HH:mm:ss'), parsedatetime('12/17/2012 10:00:00', 'MM/dd/yyy HH:mm:ss'), NULL);
Insert into HOR_ITEMS_DETALLE   (ID, ITEM_ID, INICIO, FIN, DESCRIPCION) Values   (857024, 1142, parsedatetime('12/13/2012 10:00:00', 'MM/dd/yyy HH:mm:ss'), parsedatetime('12/13/2012 12:00:00', 'MM/dd/yyy HH:mm:ss'), NULL);
Insert into HOR_ITEMS_DETALLE   (ID, ITEM_ID, INICIO, FIN, DESCRIPCION) Values   (842476, 2774, parsedatetime('09/20/2012 17:30:00', 'MM/dd/yyy HH:mm:ss'), parsedatetime('09/20/2012 19:00:00', 'MM/dd/yyy HH:mm:ss'), NULL);
Insert into HOR_ITEMS_DETALLE   (ID, ITEM_ID, INICIO, FIN, DESCRIPCION) Values   (842477, 2774, parsedatetime('10/04/2012 17:30:00', 'MM/dd/yyy HH:mm:ss'), parsedatetime('10/04/2012 19:00:00', 'MM/dd/yyy HH:mm:ss'), NULL);
Insert into HOR_ITEMS_DETALLE   (ID, ITEM_ID, INICIO, FIN, DESCRIPCION) Values   (842478, 2774, parsedatetime('10/18/2012 17:30:00', 'MM/dd/yyy HH:mm:ss'), parsedatetime('10/18/2012 19:00:00', 'MM/dd/yyy HH:mm:ss'), NULL);
Insert into HOR_ITEMS_DETALLE   (ID, ITEM_ID, INICIO, FIN, DESCRIPCION) Values   (842479, 2774, parsedatetime('11/15/2012 17:30:00', 'MM/dd/yyy HH:mm:ss'), parsedatetime('11/15/2012 19:00:00', 'MM/dd/yyy HH:mm:ss'), NULL);
Insert into HOR_ITEMS_DETALLE   (ID, ITEM_ID, INICIO, FIN, DESCRIPCION) Values   (842480, 2774, parsedatetime('11/29/2012 17:30:00', 'MM/dd/yyy HH:mm:ss'), parsedatetime('11/29/2012 19:00:00', 'MM/dd/yyy HH:mm:ss'), NULL);
Insert into HOR_ITEMS_DETALLE   (ID, ITEM_ID, INICIO, FIN, DESCRIPCION) Values   (849504, 1191, parsedatetime('10/18/2012 14:00:00', 'MM/dd/yyy HH:mm:ss'), parsedatetime('10/18/2012 16:00:00', 'MM/dd/yyy HH:mm:ss'), NULL);
Insert into HOR_ITEMS_DETALLE   (ID, ITEM_ID, INICIO, FIN, DESCRIPCION) Values   (849505, 1191, parsedatetime('11/15/2012 14:00:00', 'MM/dd/yyy HH:mm:ss'), parsedatetime('11/15/2012 16:00:00', 'MM/dd/yyy HH:mm:ss'), NULL);
Insert into HOR_ITEMS_DETALLE   (ID, ITEM_ID, INICIO, FIN, DESCRIPCION) Values   (849506, 1191, parsedatetime('11/29/2012 14:00:00', 'MM/dd/yyy HH:mm:ss'), parsedatetime('11/29/2012 16:00:00', 'MM/dd/yyy HH:mm:ss'), NULL);
Insert into HOR_ITEMS_DETALLE   (ID, ITEM_ID, INICIO, FIN, DESCRIPCION) Values   (849507, 1191, parsedatetime('12/13/2012 14:00:00', 'MM/dd/yyy HH:mm:ss'), parsedatetime('12/13/2012 16:00:00', 'MM/dd/yyy HH:mm:ss'), NULL);
Insert into HOR_ITEMS_DETALLE   (ID, ITEM_ID, INICIO, FIN, DESCRIPCION) Values   (849508, 1191, parsedatetime('01/10/2013 14:00:00', 'MM/dd/yyy HH:mm:ss'), parsedatetime('01/10/2013 16:00:00', 'MM/dd/yyy HH:mm:ss'), NULL);
Insert into HOR_ITEMS_DETALLE   (ID, ITEM_ID, INICIO, FIN, DESCRIPCION) Values   (849509, 1191, parsedatetime('01/24/2013 14:00:00', 'MM/dd/yyy HH:mm:ss'), parsedatetime('01/24/2013 16:00:00', 'MM/dd/yyy HH:mm:ss'), NULL);
Insert into HOR_ITEMS_DETALLE   (ID, ITEM_ID, INICIO, FIN, DESCRIPCION) Values   (849502, 1191, parsedatetime('09/20/2012 14:00:00', 'MM/dd/yyy HH:mm:ss'), parsedatetime('09/20/2012 16:00:00', 'MM/dd/yyy HH:mm:ss'), NULL);
Insert into HOR_ITEMS_DETALLE   (ID, ITEM_ID, INICIO, FIN, DESCRIPCION) Values   (849503, 1191, parsedatetime('10/04/2012 14:00:00', 'MM/dd/yyy HH:mm:ss'), parsedatetime('10/04/2012 16:00:00', 'MM/dd/yyy HH:mm:ss'), NULL);
